'1','BANCO SANPAOLO SA'
'2','BANCO AGRICOLA DE ARAGON SA'
'3','BANCO DE DEPOSITOS SA'
'4','BANCO DE ANDALUCIA SA'
'5','BANCO DE ARAGON'
'6','BANCO ARAGONES DE CREDITO SA'
'7','BANCO ASTURIANO DE LA INDUSTRIA Y COMERCIO'
'8','BANCO ATLANTICO SA'
'9','FINANZIA BANCO DE CREDITO SA'
'10','BANCO DE BILBAO SA'
'11','ALLFUNDS BANK SA'
'12','BANCO DE CANARIAS SA'
'13','SOLBANK SBD SA'
'14','BANCO CASTELLANO SA'
'15','BANCA CATALANA SA'
'16','BANCO CENTRAL HISPANOAMERICANO SA'
'17','BANCO CID SA'
'18','BANCO COCA SA'
'19','DEUTSCHE BANK SOCIEDAD ANONIMA ESPAÑOLA'
'20','BANCO DEL COMERCIO SA'
'21','BANCO CONDAL SA'
'22','BANCO CONTINENTAL SA'
'23','BANCO DE LA CORUÑA SA'
'24','BANCO DE CREDITO BALEAR SA'
'25','CREDITO Y DOCKS DE BARCELONA'
'26','BANCO DE CREDITO E INVERSIONES SA'
'27','CREDITO NAVARRO'
'28','BANCO DE ELDA SA'
'29','BANCO COMERCIAL ESPAÑOL SA'
'30','BANCO ESPAÑOL DE CREDITO SA'
'31','BANCO ETCHEVERRIA SA'
'32','BANCO DE EXPANSION COMERCIAL SA'
'33','BANCO COMERCIAL DE MENORCA SA'
'34','BANCO DE FOMENTO DE GERONA SA'
'35','BBVA PRIVANZA BANCO SA'
'36','SANTANDER INVESTMENT SA'
'37','BANCO GARRIGA NOGUES SA'
'38','BANESTO BANCO DE EMISIONES SA'
'39','BANCO DE GIJON'
'40','BANCO DE INVERSION Y SERVICIOS FINANCIEROS SA'
'41','BANCO DE JEREZ SA'
'42','BANCO GUIPUZCOANO SA'
'43','BANCO HERRERO SA'
'44','BANCO MERIDIONAL SA'
'45','BANCO DE CREDITO CANARIO SA (CANARIBANK)'
'46','BANCO GALLEGO SA'
'47','HIJOS DE SATURNINO ULARGUI SRC'
'48','BANCO SIMEON SA'
'49','BANCO SANTANDER SA'
'50','BANCO DEL COMERCIO SA'
'51','BANCO IBERICO SA'
'52','BANCA INDUSTRIAL DE BARCELONA SA'
'53','BANCO CENTRAL HISPANO HIPOTECARIO SA'
'54','BANCO DE IRUN'
'55','BANCO JAUDENES BARCENA SA'
'56','BANCA JOVER SA'
'57','BANCO DEPOSITARIO BBVA SA'
'58','BNP PARIBAS ESPAÑA SA'
'59','BANCO DE MADRID SA'
'60','BANCO DE MALAGA SA'
'61','BANCA MARCH SA'
'62','BANCA MAS SARDA SA'
'63','BANCO DE SERVICIOS FINANCIEROS CAJA MADRID - MAPFRE SA'
'64','BANCO DE MATARO SA'
'65','BARCLAYS BANK SA'
'66','BANCO MERCANTIL E INDUSTRIAL SA'
'67','BANCO MERCANTIL DE TARRAGONA SA'
'68','BGF BANCO DE GESTION FINANCIERA SA'
'69','BANCO DE MURCIA SA'
'70','BANCA NOGUEIRA SA'
'71','BANCO MERCANTIL DE MANRESA SA'
'72','BANCO PASTOR SA'
'73','OPEN BANK SA'
'74','AMBANCA AGRUPACIO MUTUA SA'
'75','BANCO POPULAR ESPAÑOL SA'
'76','BANCO URQUIJO SA'
'77','UNOE BANK SA'
'78','BANCA PUEYO SA'
'79','BANCO INVERSION SA'
'80','BANCO RURAL Y MEDITERRANEO SA'
'81','BANCO DE SABADELL SA'
'82','BANCO DE CASTILLA SA'
'83','BANCO ALICANTINO DE COMERCIO SA'
'84','BANCO DE SAN SEBASTIAN SA'
'85','BANCO SANTANDER CENTRAL HISPANO SA'
'86','BANCO BANIF SA'
'87','SINDICATO DE BANQUEROS DE BARCELONA SA'
'88','BANK OF AMERICA SA'
'89','BANCO DE EXTREMADURA SA'
'90','BANCO DE TOLOSA'
'91','BANCO DE ALBACETE SA'
'92','BANCO URQUIJO SA'
'93','BANCO DE VALENCIA SA'
'94','RBC DEXIA INVESTOR SERVICES ESPAÑA SA'
'95','BANCO DE VASCONIA SA'
'96','PROBANCA SERVICIOS FINANCIEROS SA'
'97','BANCO DE GALICIA SA'
'98','BANCA VILELLA SA'
'99','ALTAE BANCO SA'
'100','BANCO DE VITORIA SA'
'101','CAIXABANK SA'
'102','BANCO DE VIZCAYA SA'
'103','BANCO ZARAGOZANO SA'
'104','BANCO EXTERIOR DE ESPAÑA SA'
'105','CREDIT LYONNAIS SA SUCURSAL EN ESPAÑA'
'106','LLOYDS TSB BANK PLC SUCURSAL EN ESPAÑA'
'107','BANCA NAZIONALE DEL LAVORO SPA SUCURSAL EN ESPAÑA'
'108','SOCIETE GENERALE SUCURSAL EN ESPAÑA'
'109','BANCO DEL DESARROLLO ECONOMICO ESPAÑOL SA'
'110','BANCO INDUSTRIAL DE LEON SA'
'111','HISPAMER BANCO FINANCIERO SA'
'112','BANCO URQUIJO SA'
'113','BANCO INDUSTRIAL DE BILBAO SA'
'114','BANCO GRANADA JEREZ SA'
'115','BANCO LIBERTA SA'
'116','BANCO POPULAR INDUSTRIAL SA (EUROBANCO)'
'117','BANCO DE NAVARRA SA'
'118','BANCO DE ASTURIAS SA'
'119','BANCO SANPAOLO SA'
'120','BANCO DE LUGO SA'
'121','BANCO OCCIDENTAL SA'
'122','CITIBANK ESPAÑA SA'
'123','BANCO DE HUELVA SA EN LIQUIDACION'
'124','BANCO DE LA EXPORTACION SA'
'125','BANCOFAR SA'
'126','BANCO DE BURGOS SA'
'127','BANCO DE ALICANTE SA'
'128','BANKINTER SA'
'129','BBVA BANCO DE FINANCIACION SA'
'130','BANCO CAIXA GERAL SA'
'131','BANCO ESPIRITO SANTO SA SUCURSAL EN ESPAÑA'
'132','BANCO DE PROMOCION DE NEGOCIOS SA (PROMOBANC)'
'133','MICROBANK DE LA CAIXA SOCIEDAD ANONIMA'
'134','NUEVO BANCO SA'
'135','BANK OF CREDIT AND COMMERCE SAE EN LIQUIDACION'
'136','ARESBANK SA'
'137','BANCO DIRECTO SA'
'138','BANKOA SA'
'139','BANCO DE LOS PIRINEOS SA'
'140','BANCO DEL PAIS SA'
'141','BANQUE INDOSUEZ ESPAÑA SA'
'142','BANCO DE LA PEQUEÑA Y MEDIANA EMPRESA SA'
'143','DRESDNER BANK AG SUCURSAL EN ESPAÑA'
'144','BNP PARIBAS SECURITIES SERVICES SUCURSAL EN ESPAÑA'
'145','DEUTSCHE BANK AG SUCURSAL EN ESPAÑA'
'146','CITIBANK NA SUCURSAL EN ESPAÑA'
'147','MORGAN GUARANTY TRUST COMPANY OF NEW YORK SUCURSAL EN ESPAÑA'
'148','THE CHASE MANHATTAN BANK NA SUCURSAL EN ESPAÑA'
'149','BNP PARIBAS SUCURSAL EN ESPAÑA'
'150','NATIONAL WESTMINSTER BANK PLC SUCURSAL EN ESPAÑA'
'151','JPMORGAN CHASE BANK NATIONAL ASSOCIATION SUCURSAL EN ESPAÑA'
'152','BARCLAYS BANK PLC SUCURSAL EN ESPAÑA'
'153','BANCO SAUDI ESPAÑOL SA (SAUDESBANK) EN LIQUIDACION'
'154','CALYON SUCURSAL EN ESPAÑA'
'155','BANCO DO BRASIL SA SUCURSAL EN ESPAÑA'
'156','THE ROYAL BANK OF SCOTLAND NV SUCURSAL EN ESPAÑA'
'157','CONTINENTAL ILLINOIS NATIONAL BANK & TRUST COMPANY OF CHICAGO SUCURSAL EN ESPAÑA'
'158','CHEMICAL BANK SA SUCURSAL EN ESPAÑA'
'159','COMMERZBANK AKTIENGESELLSCHAFT SUCURSAL EN ESPAÑA'
'160','THE BANK OF TOKYO-MITSUBISHI UFJ LTD SUCURSAL EN ESPAÑA'
'161','DEUTSCHE BANK TRUST COMPANY AMERICAS SUCURSAL EN ESPAÑA'
'162','HSBC BANK PLC SUCURSAL EN ESPAÑA'
'163','UNICREDIT SOCIETA PER AZIONI SUCURSAL EN ESPAÑA'
'164','BANCO STANDARD CHARTERED SUCURSAL EN ESPAÑA'
'165','THE FIRST NATIONAL BANK OF CHICAGO SUCURSAL EN ESPAÑA'
'166','BANCO DO ESTADO DE SAO PAULO SA BANESPA SUCURSAL EN MADRID'
'167','FORTIS BANK SA SUCURSAL EN ESPAÑA'
'168','ING BELGIUM SA SUCURSAL EN ESPAÑA'
'169','BANCO DE LA NACION ARGENTINA SUCURSAL EN ESPAÑA'
'170','BANCO REAL SA SUCURSAL EN ESPAÑA'
'171','THE SUMITOMO BANK SUCURSAL EN ESPAÑA'
'172','CREDIT COMMERCIAL DE FRANCE SUCURSAL EN ESPAÑA'
'173','FIRST INTERSTATE BANK OF CALIFORNIA SUCURSAL EN ESPAÑA'
'174','BANCA INTESA SPA SUCURSAL EN ESPAÑA'
'175','THE HONGKONG & SHANGAI BANKING CORPORATION SUCURSAL EN ESPAÑA'
'176','THE BANK OF TOKYO-MITSUBISHI LTD SUCURSAL EN ESPAÑA'
'177','THE SAKURA BANK LIMITED SUCURSAL EN ESPAÑA'
'178','ROYAL BANK OF CANADA SUCURSAL EN ESPAÑA'
'179','CAISSE NATIONALE DE CREDIT AGRICOLE SUCURSAL EN ESPAÑA'
'180','BANCO PORTUGUES DO ATLANTICO SUCURSAL EN ESPAÑA'
'181','CREDITO ITALIANO SUCURSAL EN ESPAÑA'
'182','BANCO BILBAO VIZCAYA ARGENTARIA SA'
'183','JYSKE BANK (ESPAÑA) SA'
'184','BANCO EUROPEO DE FINANZAS SA'
'185','BANCO URQUIJO SABADELL BANCA PRIVADA SA'
'186','BANCO DE FINANZAS E INVERSIONES SA'
'187','BANCO UNIVERSAL SA'
'188','BANCO ALCALA SA'
'189','MIZUHO CORPORATE BANK LTD SUCURSAL EN ESPAÑA'
'190','BANCO BPI SA SUCURSAL EN ESPAÑA'
'191','EUROBANK DEL MEDITERRANEO SA EN LIQUIDACION'
'192','BANCO CREDIPAS SA'
'193','BANCA FINESOR SA'
'194','ISTITUTO BANCARIO SAN PAOLO DI TORINO SPA SUCURSAL EN ESPAÑA'
'195','THE SANWA BANK LIMITED SUCURSAL EN ESPAÑA'
'196','WESTLB AG SUCURSAL EN ESPAÑA'
'197','BANCO ESPIRITO SANTO SA SUCURSAL EN ESPAÑA'
'198','BANCO COOPERATIVO ESPAÑOL SA'
'199','CREDIT SUISSE FIRST BOSTON SUCURSAL EN ESPAÑA'
'200','PRIVAT BANK DEGROOF SA'
'201','BANCO DI NAPOLI SPA SUCURSAL EN ESPAÑA'
'202','BANCO DE NEGOCIOS ARGENTARIA SA'
'203','THE FUJI BANK LIMITED SUCURSAL EN ESPAÑA'
'205','DEUTSCHE BANK CREDIT SA'
'206','THE DAI-ICHI KANGYO BANK LIMITED SUCURSAL EN ESPAÑA'
'207','THE TOKAI BANK LIMITED SUCURSAL EN ESPAÑA'
'208','CREDIT LYONNAIS ESPAÑA SA'
'209','ABBEY NATIONAL BANK SAE'
'210','BANCO GALLEGO SA'
'211','EBN BANCO DE NEGOCIOS SA'
'212','COMPAGNIE BANCAIRE SUCURSAL EN ESPAÑA'
'213','CASSA DI RISPARMIO DELLE PROVINCIE LOMBARDE (CARIPLO) SPA SUCURSAL EN ESPAÑA'
'214','ARAB BANK PLC SUCURSAL EN ESPAÑA'
'215','DEXIA BANCO LOCAL SA'
'216','BANCO POPULAR HIPOTECARIO SA'
'217','BANCO HALIFAX HISPANIA SA'
'218','FCE BANK PLC SUCURSAL EN ESPAÑA'
'219','BANQUE MAROCAINE DU COMMERCE EXTERIEUR INTERNATIONAL SA'
'220','BANCO FINANTIA SOFINLOC SA'
'221','RABOBANK ESPAÑA SA'
'222','JP MORGAN BANK SA'
'223','GENERAL ELECTRIC CAPITAL BANK SA'
'224','SANTANDER CONSUMER FINANCE SA'
'225','BANCO CETELEM SA'
'226','UBS BANK SA'
'227','UNOE BANK SA'
'228','BANCO EXELBANK SA'
'229','BANCOPOPULAR-E SA'
'230','ACTIVOBANK SA'
'231','DEXIA SABADELL SA'
'232','BANCO INVERSIS SA'
'233','POPULAR BANCA PRIVADA SA'
'234','BANCO CAMINOS SA'
'235','BANCO PICHINCHA ESPAÑA SA'
'1000','INSTITUTO DE CREDITO OFICIAL'
'1001','BANCO DE CREDITO AGRICOLA SA'
'1002','BANCO DE CREDITO A LA CONSTRUCCION'
'1003','BANCO DE CREDITO INDUSTRIAL SA'
'1004','BANCO DE CREDITO LOCAL DE ESPAÑA SA'
'1005','BANCO HIPOTECARIO DE ESPAÑA SA'
'1006',''
'1101','BANCO NACIONAL DE MEXICO'
'1102','THE CHASE MANHATTAN BANK NA'
'1103','BANK OF AMERICA NA'
'1104','THE CHASE MANHATTAN BANK'
'1105','BANCO ESPAÑOL DEL RIO DE LA PLATA'
'1106','CONTINENTAL ILLINOIS NB&TC CHICAGO'
'1107','BANCO DE BOGOTA'
'1108','BANCO DE COLOMBIA'
'1109','FIRST INTERSTATE BANK OF CALIFORNIA'
'1110','FIRST WISCONSIN NATIONAL BANK'
'1111','BANCO DE CREDITO DEL PERU'
'1112','UBS AG'
'1113','BANQUE SUDAMERIS'
'1114','CHEMICAL BANK'
'1115','BAYERISCHE-HYPOTHEKEN WECHSEL (HYPOBANK)'
'1116','BANQUE SCANDINAVE EN SUISSE'
'1117','BANQUE BRUXELLES LAMBERT'
'1118','CREDIT DU NORD'
'1119','SKANDINAVISKA ENSKILDA BANKEN'
'1120','FIRST NATIONAL BANK OF CHICAGO'
'1121','BANCO DE LA CIUDAD DE BUENOS AIRES'
'1122','UNION DE BANCOS SUIZOS'
'1123','BANCO DE LA NACION ARGENTINA'
'1124','BANKERS TRUST COMPANY'
'1125','COMMERCIALE ITALIANA'
'1126','MORGAN GRENFELL & CO LIMITED'
'1127','STANDARD CHARTERED BANK'
'1128','BARCLAYS BANK INTERNATIONAL LIMITED'
'1129','BANK OF MONTREAL'
'1130','L\'EUROPEENNE DE BANQUE'
'1131','SKANDINAVISKA ENSKILDA BANKEN LONDON BRANCH'
'1132','BANCO MEXICANO SA'
'1133','COMPAGNIE INTERNATIONALE DE BANQUE'
'1134','BANCO GANADERO'
'1135','BANQUE MAROCAINE DU COMMERCE EXTERIEUR'
'1136','SINGER & FRIEDLANDER LIMITED'
'1137','BANQUE CENTRALE POPULAIRE'
'1138','NATEXIS BANQUES POPULAIRES'
'1139','BANCA POPOLARE DI NOVARA'
'1140','SUMITOMO BANK LIMITED'
'1141','LJUBLJANSKA BANKA'
'1142','CREDIT COMMERCIAL DE FRANCE'
'1143','DAI-ICHI KANGYO BANK LIMITED'
'1144','FORTIS BANK SA'
'1145','BANCOMER SA'
'1146','BANCA SOMEX SA'
'1147','DEN DANSKE BANK AKTIESELSKAB SA'
'1148','THE MITSUBISHI BANK LIMITED'
'1149','ROYAL BANK OF CANADA'
'1150','KBC BANK'
'1151','CAISSE NATIONALE DE CREDIT AGRICOLE'
'1152','THE FUJI BANK LIMITED'
'1153','THE SANWA BANK LIMITED'
'1154','BHF-BANK'
'1155','KREDIETBANK SA LUXEMBOURGEOISE'
'1156','THE BANK OF NEW YORK MELLON'
'1157','INDUSTRIAL BANK OF JAPAN LIMITED'
'1158','UNIBANK A/S'
'1159','BERENBERG B'
'1160','KOREA EXCHANGE BANK'
'1161','CREDIT AND COMMERCE ISA- LTD'
'1162','THE BANK OF NOVA SCOTIA'
'1163','TAIYO KOBE BANK LTD'
'1164','ESPIRITO SANTO BANK OF FLORIDA'
'1165','ROTHSCHILD NM & SONS LIMITED'
'1166','MITSUI BANK LIMITED'
'1167','BANQUE WORMS'
'1168','BANCO NACIONAL DE CUBA'
'1169','THE TOKAI BANK LTD'
'1170','STANDARD CHARTERED BANK'
'1171','CAISSE CENTRALE BANQUES POPULAIRES - BARCELONA'
'1172','FIRST NATIONAL BANK OF MINNEAPOLIS'
'1173','BANQUE COURTOIS'
'1174','JYSKE BANK'
'1176','AUSTRALIA AND NEW ZEALAND BGL ANZ GRINDLAYS BANK PLC'
'1177','CREDIT INDUSTRIEL ET COMMERCIAL'
'1178','SOCIETE LYONNAISE DE BANQUE'
'1179','CASSA DI RISPARMIO DELLE PROVINCIE LOMBARDE'
'1180','BANCO ESPIRITO SANTO E COMERCIAL DE LISBOA'
'1181','BANCO DE FOMENTO E EXTERIOR- PORTUGAL'
'1182','UNICREDIT BANK AG'
'1183','DEN DANSKE BANK INTERNATIONAL SA'
'1184','HAMBROS BANK (JERSEY) LIMITED'
'1185','SKANDINAVISKA ENSKILDA BANKEN OR'
'1186','FOKUS BANK'
'1187','KANSALLIS INTERNATIONAL BANK'
'1188','WESTDEUTSCHE LANDESBANK'
'1189','THE INDUSTRIAL BANK OF JAPAN LTD'
'1190','CREDIT SUISSE DE ZURICH'
'1191','SVENSKA HANDELSBANKEN'
'1192','GIROCREDIT BANK AG DER SPARKASSEN'
'1193','PKB PRIVATBANK AG'
'1194','COUNTY NATWEST LIMITED'
'1195','BANQUE FRANCAISE DU COMMERCE EXTERIEUR'
'1196','BANCO DE LAS ACTIV ECONOMICAS EXTERIORES (VNESHECONOMBANK) URSS'
'1197','BANQUE INTERNATIONALE A LUXEMBOURG'
'1198','CASSE DI RISPARMIO DI FIRENZE E PISTOIA E PESCIA'
'1199','BANCA CARIGE SPA-CASSA DI RISPARMIO DI GENOVA E IMPERIA'
'1200','FORTIS BANK SA'
'1201','SYDBANK (SCHWEIZ) AG'
'1202','WACHOVIA BANK NATIONAL ASSOCIATION'
'1203','CARIVERONA BANCA SPA'
'1204','BANQUE FEDERATIVE DU CREDIT MUTUEL'
'1205','RABOBANK NEDERLAND'
'1206','DEXIA - BANQUE INTERNATIONALE A LUXEMBOURG'
'1207','BFG BANK AG'
'1208','THE LONG-TERM CREDIT BANK OF JAPAN LTD'
'1209','ALLIED BANKING CORPORATION'
'1210','BANQUE REGIONALE D\'ESCOMPTE ET DE DEPOTS'
'1211','ERSTE BANK DER OESTERREICHISCHEN SPARKASSEN AG'
'1212','VARDE BANK'
'1213','SWEDBANK (LUXEMBOURG) SA'
'1214','THE DAIWA BANK LIMITED'
'1215','J HENRY SCHRODER WAGG & CO LTD'
'1216','THE SUMITOMO TRUST & BANKING COLTD'
'1217','UNION BANK OF FINLAND INTERNATIONAL SA'
'1218','NORDBANKEN LUXEMBOURG SA'
'1219','CREDIT LOCAL DE FRANCE'
'1220','SOCIETE MARSEILLAISE DE CREDIT'
'1221','PHILIPPINE NATIONAL BANK SA'
'1222','EQUITABLE PCI BANK'
'1223','SYDBANK LUXEMBOURG SA'
'1224','RHEINHYP RHEINISCHE HYPOTHEKENBANK AG'
'1225','CREDIT AGRICOLE INDOSUEZ LUXEMBOURG SA'
'1226','BANK AUSTRIA AKTIENGESELLSCHAFT'
'1227','BANQUE SCS ALLIANCE'
'1228','BANCO COMERCIAL MOST BANK'
'1229','SKANDINAVISKA ENSKILDA BANKEN SA'
'1230','ERSTE BANK SPARKASSEN (CR) AS'
'1231','BANCO CANARIAS DE VENEZUELA CA'
'1232','ING BANK NV'
'1233','ATTIJARIWAFA BANK'
'1234','BANCO DE LA PROVINCIA DE BUENOS AIRES'
'1235','NATEXIS BANQUE'
'1236','LANDESBANK HESSEN-THUERINGEN GIROZENTRALE'
'1237','EUROPAISCHE HYPOTHEKENBANK SA'
'1238','BANCO INTERNACIONAL SA'
'1239','DZ BANK AG DEUTSCHE ZENTRAL- GENOSSENSCHAFTSBANK FRANKFURT AM'
'1240','LONDON FORFAITING A PARIS SA'
'1241','BANCO SBS-AGRO'
'1242','LANDESBANK BADEN-WÜRTTEMBERG'
'1243','DEUTSCHE PFANDBRIEF-UND HIPOTHEKENBANK AG'
'1244','ABBEY NATIONAL PLC'
'1245','BES INVESTIMENTO SA'
'1246','PRIMER BANCO AHORRO Y PRESTAMO VIVIENDA FAMILIAR SA (VIVIBANCO)'
'1247','SUMITOMO MITSUI BANKING CORPORATION'
'1248','WAFABANK'
'1249','NORWICH AND PETERBOROUGH BUILDING SOCIETY'
'1250','RBS COUTTS BANK SA'
'1251','PRIVATBANK IHAG ZÜRICH'
'1252','BANK J VONTOBEL & CO AG'
'1253','BANCO COMERCIAL PORTUGUES SA'
'1254','DEPFA BANK EUROPE PLC'
'1255','AAREAL BANK AG'
'1256','WÜRTTEMBERGISCHE HYPOTHEKENBANK AG'
'1257','ALLGEMEINE HYPOTHEKENBANK RHEINBODEN AG'
'1258','BANQUE SYZ & CO SA'
'1259','WESTDEUTSCHE IMMOBILIENBANK AG'
'1260','NORDEA BANK SA'
'1261','LGT BANK (SCHWEIZ) AG'
'1262','SKANDIA BANK (SWITZERLAND) AG'
'1263','SANPAOLO IMI SPA'
'1264','DEPFA BANK PLC'
'1265','ABN AMRO BANK (LUXEMBORG) SA'
'1266','BANCA INTESA SPA'
'1267','NYKREDIT REALKREDIT A/S'
'1268','ABC INTERNATIONAL BANK PLC'
'1269','BHF-BANK (SCHWEIZ) AG'
'1270','BANCA POPOLARE DI MILANO'
'1271','SPARBANK VEST A/S'
'1272','BANKHAUS JUNGHOLZ AG'
'1273','IKB DEUTSCHE INDUSTRIEBANK AG'
'1274','SWEDBANK SA'
'1275','DEKABANK DEUTSCHE GIROZENTRALE'
'1276','HVB BANQUE LUXEMBOURG SOCIETE ANONYME'
'1277','BANCOLOMBIA SA'
'1278','RAIFFEISENBANK KLEINWALSERTAL AG'
'1279','KAUPTHING BANK LUXEMBOURG SA'
'1280','DEUTSCHE HYPOTHEKENBANK (ACTIEN- GESELLSCHAFT)'
'1281','LANDSBANKI LUXEMBOURG SA (EN SUSPENSION DE PAGOS)'
'1282','BANCO DE GUAYAQUIL SA'
'1283','BANCO PICHINCHA CA'
'1284','SCHRODER & CO BANK AG'
'1285','BANCO ITAU EUROPA SA'
'1286','BANCO BOLIVARIANO CA'
'1287','ROYAL BANK OF CANADA EUROPE LIMITED'
'1288','COÖPERATIEVE CENTRALE RAIFFEISEN -BOERENLEENBANK BA(RABOBANK NEDER'
'1289','GE CORPORATE FINANCE BANK SAS'
'1290','RAIFFEISEN ZENTRALBANK ÖSTERREICH AKTIENGESELLSCHAFT'
'1291','MIZUHO CORPORATE BANK NEDERLAND NV'
'1292','SNS PROPERTY FINANCE BV'
'1293','BANQUE INTERNATIONALE POUR LE MALI SA'
'1294','BANCO GANADERO SA'
'1295','PAYPAL (EUROPE) SÁRL Y CIE SCA'
'1296','LEEDS BUILDING SOCIETY'
'1297','F VAN LANSCHOT BANKIERS NV'
'1298','SOCIETE GENERALE MAROCAINE DE BANQUES'
'1299','BANCO LJ CARREGOSA SA'
'1300','ABN AMRO BANK NV'
'1301','ARGENTARIA CAJA POSTAL Y BANCO HIPOTECARIO SA'
'1302','ARGENTARIA CAJA POSTAL Y BANCO HIPOTECARIO SA'
'1310','BANQUE DE DEVELOPPEMENT DU MALI SA'
'1451','CAISSE REGIONALE DE CREDIT AGRICOLE MUTUEL SUD MEDITERRANEE (ARIEGE ET PYRENEES ORIENTALES) SE'
'1452','UBS AG SUCURSAL EN ESPAÑA'
'1453','BANCA MONTE DEI PASCHI DI SIENA SPA SUCURSAL EN ESPAÑA'
'1454','NEWEDGE GROUP SUCURSAL EN ESPAÑA'
'1455','TRANSOPTIONS FINANCE SA SUCURSAL EN ESPAÑA'
'1456','CAISSE REGIONALE DE CREDIT AGRICOLE MUTUEL PYRENEES-GASCOGNE SUCURSAL EN ESPAÑA'
'1457','DE LAGE LANDEN INTERNATIONAL BV SUCURSAL EN ESPAÑA'
'1458','HSBC INVESTMENT BANK PLC SUCURSAL EN ESPAÑA'
'1459','COOPERATIEVE CENTRALE RAIFFEISEN- BOERENLEENBANK BA (RABOBANK NEDERLAND) SUCURSAL EN ESPAÑA'
'1460','CREDIT SUISSE AG SUCURSAL EN ESPAÑA'
'1461','A/S JYSKE BANK SUCURSAL EN ESPAÑA'
'1462','ASSOCIATES CAPITAL CORPORATION PLC SUCURSAL EN ESPAÑA'
'1463','BANQUE PSA FINANCE SUCURSAL EN ESPAÑA'
'1464','NEWCOURT FINANCE (FRANCE) SNC SUCURSAL EN ESPAÑA'
'1465','ING DIRECT NV SUCURSAL EN ESPAÑA'
'1466','FRANFINANCE SUCURSAL EN ESPAÑA'
'1467','EUROHYPO AG SUCURSAL EN ESPAÑA'
'1468','EUROHYPO AG EUROPAISCHE HYPOTHEKENBANK DER DEUTSCHEN BANK SUCURSAL EN ESPAÑA'
'1469','BANCO SYGMA HISPANIA SUCURSAL EN ESPAÑA'
'1470','BANCO PORTUGUES DE INVESTIMENTO SA SUCURSAL EN ESPAÑA'
'1471','ROYAL BANK OF CANADA EUROPE LIMITED SUCURSAL EN ESPAÑA'
'1472','CREDIT AGRICOLE LEASING SUCURSAL EN ESPAÑA'
'1473','BANQUE PRIVEE EDMOND DE ROTHSCHILD EUROPE SUCURSAL EN ESPAÑA'
'1474','CITIBANK INTERNATIONAL PLC SUCURSAL EN ESPAÑA'
'1475','CORTAL CONSORS SUCURSAL EN ESPAÑA'
'1476','FIMATEX SA SUCURSAL EN ESPAÑA'
'1477','THE ROYAL BANK OF SCOTLAND PLC SUCURSAL EN ESPAÑA'
'1478','MERRILL LYNCH INTERNATIONAL BANK LIMITED SUCURSAL EN ESPAÑA'
'1479','NATIXIS SA SUCURSAL EN ESPAÑA'
'1480','VOLKSWAGEN BANK GMBH SUCURSAL EN ESPAÑA'
'1481','BANCO MAIS SA (ESPANHA) SUCURSAL EN ESPAÑA'
'1482','JOHN DEERE BANK SA SUCURSAL EN ESPAÑA'
'1483','BANK OF SCOTLAND SUCURSAL EN ESPAÑA'
'1484','MBNA EUROPE BANK LIMITED SUCURSAL EN ESPAÑA'
'1485','BANK OF AMERICA NATIONAL ASSOCIATION SUCURSAL EN ESPAÑA'
'1486','BANCO PRIVADO PORTUGUESSASE (SUJETO A MEDIDAS DE SANEAMIENTO ADOPTADAS POR EL BANCO DE PORTUGAL)'
'1487','TOYOTA KREDITBANK GMBH SUCURSAL EN ESPAÑA'
'1488','PICTET & CIE (EUROPE) SA SUCURSAL EN ESPAÑA'
'1489','HYPO REAL ESTATE BANK INTERNATIONAL SUCURSAL EN ESPAÑA'
'1490','SELF TRADE BANK SA'
'1491','TRIODOS BANK NV SE'
'1492','BNP PARIBAS LEASE GROUP SA SUCURSAL EN ESPAÑA'
'1493','CAIXA BANCO DE INVESTIMENTO SA SUCURSAL EN ESPAÑA'
'1494','INTESA SANPAOLO SPA SUCURSAL EN ESPAÑA'
'1495','CIT GROUP (NORDIC) AB SUCURSAL EN ESPAÑA'
'1496','GENEFIM SUCURSAL EN ESPAÑA'
'1497','BANCO ESPIRITO SANTO DE INVESTIMENTO SA SUCURSAL EN ESPAÑA'
'1498','UNICREDIT BANK AG SUCURSAL EN ESPAÑA'
'1499','CLAAS FINANCIAL SERVICES SAS SUCURSAL EN ESPAÑA'
'1500','NATIXIS LEASE SA SUCURSAL EN ESPAÑA'
'1501','DEUTSCHE PFANDBRIEFBANK AG SUCURSAL EN ESPAÑA'
'1502','IKB DEUTSCHE INDUSTRIEBANK AG SUCURSAL EN ESPAÑA'
'1503','IXIS CORPORATE & INVESTMENT BANK SA SUCURSAL EN ESPAÑA'
'1504','HONDA BANK GMBH SUCURSAL EN ESPAÑA'
'1505','EUROPE ARAB BANK PLC SUCURSAL EN ESPAÑA'
'1506','MERRILL LYNCH INTERNATIONAL BANK LIMITED SUCURSAL EN ESPAÑA'
'1507','ING BANK NV SUCURSAL EN ESPAÑA'
'1508','RCI BANQUE SA SUCURSAL EN ESPAÑA'
'1509','BANCO PRIMUS SA SUCURSAL EN ESPAÑA'
'1510','SAXO BANK A/S SUCURSAL EN ESPAÑA'
'1511','KBC BANK NV SUCURSAL EN ESPAÑA'
'1512','ELAVON FINANCIAL SERVICES LIMITED SUCURSAL EN ESPAÑA'
'1513','CAIXA GERAL DE DEPOSITOS SA SUCURSAL EN ESPAÑA'
'1514','CNH FINANCIAL SERVICES SUCURSAL EN ESPAÑA'
'1515','CITIBANK NA SUCURSAL EN ESPAÑA'
'1516','JP MORGAN INTERNATIONAL BANK LIMITED SUCURSAL EN ESPAÑA'
'1517','LANDSBANKI ISLANDS HF (EN LIQUIDACION) SUCURSAL EN ESPAÑA'
'1518','DEPFA BANK PLC SUCURSAL EN ESPAÑA'
'1519','SVENSKA HANDELSBANKEN AB SUCURSAL EN ESPAÑA'
'1520','MEDIOBANCA SUCURSAL EN ESPAÑA'
'1521','BINCKBANK NV SUCURSAL EN ESPAÑA'
'1522','EFG BANK (LUXEMBOURG) SA SUCURSAL EN ESPAÑA'
'1523','MERCEDES-BENZ BANK AG SUCURSAL EN ESPAÑA'
'1524','UBI BANCA INTERNATIONAL SA SUCURSAL EN ESPAÑA'
'1525','BANQUE CHAABI DU MAROC SUCURSAL EN ESPAÑA'
'1526','CLOSE BROTHERS LIMITED SUCURSAL EN ESPAÑA'
'1527','KAUPTHING BANK HF SUCURSAL EN ESPAÑA'
'1528','JCB FINANCE SAS SUCURSAL EN ESPAÑA'
'1529','MCE BANK GMBH SUCURSAL EN ESPAÑA'
'1530','SOFINLOC INSTITUIÇAO FINANCEIRA DE CREDITO SA SUCURSAL EN ESPAÑA'
'1531','CREDIT SUISSE INTERNATIONAL SUCURSAL EN ESPAÑA'
'1532','BNP PARIBAS FACTOR SA SUCURSAL EN ESPAÑA'
'1533','BMW BANK GMBH SUCURSAL EN ESPAÑA'
'1534','KBL EUROPEAN PRIVATE BANKERS SA SUCURSAL EN ESPAÑA'
'1535','AKF BANK GMBH & CO KG SUCURSAL EN ESPAÑA'
'1701','LA PEDRESINA III SA'
'1702','EURODIVISAS SA'
'1703','AIRPORT CHANGE SA'
'1704','CHANGE EXPRESS SA'
'1705','ATOCHA CAMBIOS SA'
'1706','RD MONEY TRANSFER SA'
'1707','SMALL W0RLD FINANCIAL SERVICES SPAIN SA'
'1708','CAMBITUR INTERNATIONAL SA'
'1709','ANROGA SA'
'1710','AMERICAN EXPRESS FOREIGN EXCHANGE SA'
'1711','JET PERU MONEY TRANSFER SA'
'1712','COMPAÑIA INTERNACIONAL DE SERVICIOS DE MONEDA EXTRANJERA SA'
'1713','WESTERN UNION RETAIL SERVICES SPAIN SA'
'1714','CHANGE AND TRANSFER SA'
'1715','SOCIEDAD ANONIMA DE VIAJES Y SERVICIOS DE AUTOPISTA (SAVISA)'
'1716','MACCORP EXACT CHANGE SA'
'1717','MONEY EXPRESS TRANSFER SA'
'1718','SAFE INTERENVIOS SA'
'1719','QUICK CHANGE SOCIEDAD ANONIMA (EN LIQUIDACION)'
'1720','UNITED EUROPHIL SA'
'1721','MUNDIAL MONEY TRANSFER SA'
'1722','I TRANSFER MONEY MOVERS SA'
'1723','CHANGE CENTER SOCIEDAD ANONIMA'
'1724','MONEY GRAM SPAIN SA'
'1725','SANTANDER ENVIOS SA'
'1726','UNIVERSAL DE ENVIOS SA'
'1727','UNIGIROS INTERNACIONAL SA'
'1728','ASSARF CHAABI SA'
'1729','CAMBIOS SOL SA'
'1730','CHANGEPOINT SA'
'1731','INSTANT MONEY TRANSFER SA'
'1732','EUROENVIOS MONEY TRANSFERS SA'
'1733','EL IMPERIO DEL ENVIO IMPERENVIOS SA'
'1734','MONEY EXCHANGE SA'
'1735','CAMBIOS Y TRANSFERENCIAS STAR EXPRESS SA'
'1736','MASTER ENVIOS UNIDOS SA'
'1737','ENVIA TELECOMUNICACIONES SA'
'1738','ANGELO COSTA SPAIN SA'
'1739','DOLLAR EXPRESS SA'
'1740','TELEGIROS SA'
'1741','INTERENVIOS MONEY TRANSFERS SA'
'1742','SUN MONEY EXPRESS SA'
'1743','BPI EXPRESS REMITTANCE SPAIN SA'
'1744','UNIGIROS EXPRESS SA'
'1745','GIROEXPRESS SA'
'1746','GEOMIL TRANSFER SOCIEDAD ANONIMA'
'1747','HISPANO WORLD TRANSFER SA'
'1748','EXPRESS PADALA ESPAÑA SA'
'1749','MONEYGRAM PAYMENT SYSTEMS SPAIN SA'
'1750','ENVIALIA MONEY TRANSFERS SA'
'1751','CAPITAL MONEY TRANSFER SA'
'1752','TRANS FAST FINANCIAL SERVICES SA'
'1753','BBVA DINERO EXPRESS SA'
'1754','BAKNOTES SA'
'1755','METRO-REMITTANCE CENTER SA'
'1756','TITANES TELECOMUNICACIONES SOCIEDAD ANONIMA'
'1757','CBN REMITTANCE CENTER SA'
'1758','MONTY GLOBAL PAYMENTS SA'
'1759','LATIN TRAVEL MONEY TRANSFER SA'
'1760','ELECTRONIC FOREIGN EXCHANGE SA'
'1761','COINSTAR MONEY TRANSFER SPAIN SA'
'1762','MONEYTRANS WORLD SA'
'1763','INTERCHANGE SPAIN SA'
'1764','LEFER TRANSFER SA'
'1765','PNB GLOBAL FILIPINO REMITTANCE SPAIN SA'
'1766','MUNDO ENVIOS SA'
'1767','FENIXTRANSFERS SA'
'1768','UNIVERSAL TRANSFER MONEY ON SA'
'1769','FACIL ENVIOS SA'
'1770','CERRO CATEDRAL SOCIEDAD ANONIMA'
'1771','MONEYONE EXPRESS FINANCIAL SA'
'1772','HERBON ENVIOS SA'
'1773','LA REAL DE ENVIOS SA'
'1774','AUSTROGIROS SOCIEDAD ANONIMA'
'1775','TERRA MONEY CASH SA'
'1776','TRANSFERENCIAS AMERICA SA'
'1777','CHOICE MONEY TRANSFER ESPAÑA SA'
'1778','VIGO REMITTANCE ESPAÑA SA'
'1779','LATINVEST ESPAÑA SA'
'1780','EASY REMITTANCE SA'
'1781','CLICK TRANSFER SA'
'1782','UNIVERSAL DE CAMBIOS SA'
'1783','TELEFONICA REMESAS SA'
'2000','CONFEDERACION ESPAÑOLA DE CAJAS DE AHORROS'
'2001','CAJA DE AHORROS PROVINCIAL DE ALBACETE'
'2002','MONTE DE PIEDAD Y CAJA DE AHORROS DE ALCOY'
'2003','CAJA DE AHORROS DE ALHAMA DE MURCIA'
'2004','CAJA DE AHORROS DEL SURESTE DE ESPAÑA'
'2005','CAJA DE AHORROS PROVINCIAL DE ALICANTE'
'2006','MONTE DE PIEDAD Y CAJA DE AHORROS DE ALMERIA'
'2007','CAJA DE AHORROS Y PRESTAMOS DE ANTEQUERA'
'2008','CAJA GENERAL DE AHORROS Y MONTE DE PIEDAD DE AVILA'
'2009','CAJA CENTRAL DE AHORRO Y PRESTAMOS DE AVILA'
'2010','MONTE DE PIEDAD Y CAJA GENERAL DE AHORROS DE BADAJOZ'
'2011','CAJA DE AHORROS Y MONTE DE PIEDAD DE BARCELONA'
'2012','CAJA DE PENSIONES PARA LA VEJEZ Y DE AHORROS DE CATALUÑA Y BALEARES'
'2013','CAIXA D\'ESTALVIS DE CATALUNYA'
'2014','CAJA DE AHORROS DE LA SAGRADA FAMILIA DE BARCELONA'
'2015','CAJA DE AHORROS Y MONTE DE PIEDAD MUNICIPAL DE BILBAO'
'2016','CAJA DE AHORROS VIZCAINA'
'2017','CAJA DE AHORROS Y MONTE DE PIEDAD DEL CIRCULO CATOLICO DE OBREROS DE BURGOS'
'2018','CAJA DE AHORROS MUNICIPAL DE BURGOS'
'2019','CAJA DE AHORROS Y MONTE DE PIEDAD DE CACERES'
'2020','CAJA DE AHORROS Y MONTE DE PIEDAD DE CADIZ'
'2021','CAJA DE AHORROS Y PRESTAMOS DE CARLET'
'2022','CAJA DE AHORROS Y MONTE DE PIEDAD DE CASTELLON'
'2023','CAJA DE AHORROS Y MONTE DE PIEDAD DE CEUTA'
'2024','CAJA DE AHORROS Y MONTE DE PIEDAD DE CORDOBA'
'2025','CAJA PROVINCIAL DE AHORROS DE CORDOBA'
'2026','CAJA DE AHORROS Y MONTE DE PIEDAD DE LA CORUÑA Y LUGO'
'2027','CAJA DE AHORROS DE NUESTRA SEÑORA DE LOS DOLORES DE CREVILLENTE'
'2028','CAJA DE AHORROS DE CUENCA Y CIUDAD REAL'
'2029','CAJA GENERAL DE AHORROS Y MONTE DE PIEDAD DE EL FERROL'
'2030','CAIXA D\'ESTALVIS DE GIRONA'
'2031','CAJA GENERAL DE AHORROS DE GRANADA'
'2032','CAJA DE AHORRO PROVINCIAL DE GUADALAJARA'
'2033','CAJA PROVINCIAL DE AHORROS Y MONTE DE PIEDAD DE HUELVA'
'2034','CAJA DE AHORROS DE JEREZ DE LA FRONTERA'
'2035','CAJA DE AHORROS Y MONTE DE PIEDAD DE LEON'
'2036','CAJA DE AHORROS Y MONTE DE PIEDAD DE LERIDA'
'2037','CAJA DE AHORROS DE LA RIOJA'
'2038','CAJA DE AHORROS Y MONTE DE PIEDAD DE MADRID'
'2039','CAJA DE AHORROS PROVINCIAL DE MALAGA'
'2040','CAIXA D\'ESTALVIS COMARCAL DE MANLLEU'
'2041','CAIXA D\'ESTALVIS DE MANRESA'
'2042','CAIXA D\'ESTALVIS LAIETANA'
'2043','CAJA DE AHORROS DE MURCIA'
'2044','CAJA DE AHORROS DE NOVELDA'
'2045','CAJA DE AHORROS Y MONTE DE PIEDAD DE ONTINYENT'
'2046','CAJA DE AHORROS PROVINCIAL DE ORENSE'
'2047','CAJA DE AHORROS Y SOCORROS Y MONTE DE PIEDAD DE NUESTRA SEÑORA DE MONSERRATE'
'2048','CAJA DE AHORROS DE ASTURIAS'
'2049','CAJA DE AHORROS Y MONTE DE PIEDAD DE PALENCIA'
'2050','CAJA DE AHORROS Y PRESTAMOS DE PALENCIA'
'2051','CAJA DE AHORROS Y MONTE DE PIEDAD DE LAS BALEARES'
'2052','CAJA INSULAR DE AHORROS DE CANARIAS'
'2053','CAJA DE AHORROS Y MONTE DE PIEDAD MUNICIPAL DE PAMPLONA'
'2054','CAJA DE AHORROS Y MONTE DE PIEDAD DE NAVARRA'
'2055','CAJA DE AHORROS Y MONTE DE PIEDAD DE PLASENCIA'
'2056','COLONYA - CAIXA D\'ESTALVIS DE POLLENSA'
'2057','CAJA DE AHORROS PROVINCIAL DE PONTEVEDRA'
'2058','MONTE DE PIEDAD Y CAJA DE AHORROS DE RONDA'
'2059','CAIXA D\'ESTALVIS DE SABADELL'
'2060','CAJA DE AHORROS Y SOCORROS DE SAGUNTO'
'2061','CAJA DE AHORROS Y MONTE DE PIEDAD DE SALAMANCA'
'2062','CAJA DE AHORROS Y MONTE DE PIEDAD MUNICIPAL DE SAN SEBASTIAN'
'2063','CAJA DE AHORROS PROVINCIAL DE GUIPUZCOA'
'2064','CAJA DE AHORROS INSULAR DE LA PALMA'
'2065','CAJA GENERAL DE AHORROS DE CANARIAS'
'2066','CAJA DE AHORROS DE SANTANDER Y CANTABRIA'
'2067','CAJA DE AHORROS - MONTE DE PIEDAD DE SANTIAGO'
'2068','CAJA DE AHORROS Y MONTE DE PIEDAD DE SEGORBE'
'2069','CAJA DE AHORROS Y MONTE DE PIEDAD DE SEGOVIA'
'2070','MONTE DE PIEDAD Y CAJA DE AHORROS DE SEVILLA'
'2071','CAJA DE AHORROS PROVINCIAL SAN FERNANDO DE SEVILLA Y JEREZ'
'2072','CAJA GENERAL DE AHORROS Y PRESTAMOS DE LA PROVINCIA DE SORIA'
'2073','CAIXA D\'ESTALVIS DE TARRAGONA'
'2074','CAIXA D\'ESTALVIS DE TERRASSA'
'2075','CAJA DE AHORROS PROVINCIAL DE TOLEDO'
'2076','CAJA GENERAL DE AHORROS Y MONTE DE PIEDAD DE TORRENT'
'2077','CAJA DE AHORROS DE VALENCIA CASTELLON Y ALICANTE BANCAJA'
'2078','CAJA DE AHORROS POPULAR DE VALLADOLID'
'2079','CAJA DE AHORROS PROVINCIAL DE VALLADOLID'
'2080','CAIXA DE AFORROS DE VIGO OURENSE E PONTEVEDRA (CAIXANOVA)'
'2081','CAIXA D\'ESTALVIS DEL PENEDES'
'2082','CAJA DE AHORROS Y MONTE DE PIEDAD DE VITORIA'
'2083','CAJA PROVINCIAL DE AHORROS DE ALAVA'
'2084','CAJA DE AHORROS PROVINCIAL DE ZAMORA'
'2085','CAJA DE AHORROS Y MONTE DE PIEDAD DE ZARAGOZA ARAGON Y RIOJA (IBERCAJA)'
'2086','CAJA DE AHORROS DE LA INMACULADA DE ARAGON'
'2087','CAJA DE AHORROS PROVINCIAL DE LUGO'
'2088','CAJA POSTAL DE AHORROS'
'2089','CAJA PROVINCIAL DE AHORROS DE GRANADA'
'2090','CAJA DE AHORROS DEL MEDITERRANEO'
'2091','CAJA DE AHORROS DE GALICIA'
'2092','CAJA PROVINCIAL DE AHORROS DE JAEN'
'2093','CAJA DE AHORROS PROVINCIAL DE VALENCIA'
'2094','CAJA DE AHORROS Y MONTE DE PIEDAD DE AVILA'
'2095','BILBAO BIZKAIA KUTXA AURREZKI KUTXA ETA BAHITETXEA'
'2096','CAJA ESPAÑA DE INVERSIONES CAJA DE AHORROS Y MONTE DE PIEDAD'
'2097','CAJA DE AHORROS DE VITORIA Y ALAVA- ARABA ETA GASTEIZKO AURREZKI KUTXA'
'2098','MONTE DE PIEDAD Y CAJA DE AHORROS DE HUELVA Y SEVILLA'
'2099','CAJA DE AHORROS Y MONTE DE PIEDAD DE EXTREMADURA'
'2100','CAJA DE AHORROS Y PENSIONES DE BARCELONA'
'2101','CAJA DE AHORROS Y MONTE DE PIEDAD DE GIPUZKOA Y SAN SEBASTIAN'
'2102','CAJA DE AHORROS PROVINCIAL DE ALICANTE Y VALENCIA'
'2103','MONTES DE PIEDAD Y CAJA DE AHORROS DE RONDA CADIZ ALMERIA MALAGA Y ANTEQUERA (UNICAJA)'
'2104','CAJA DE AHORROS DE SALAMANCA Y SORIA'
'2105','CAJA DE AHORROS DE CASTILLA-LA MANCHA'
'2106','MONTE DE PIEDAD Y CAJA DE AHORROS SAN FERNANDO DE HUELVA JEREZ Y SEVILLA'
'3000','CAJA RURAL NACIONAL'
'3001','CAJA RURAL DE ALMENDRALEJO SOCIEDAD COOPERATIVA DE CREDITO'
'3002','CAJA RURAL DE BADAJOZ'
'3003','CAJA RURAL DEL BIERZO SDAD COOP CTO LTDA EN LIQUIDACION'
'3004','CAJA RURAL DEL MEDITERRANEO SDAD COOP CTO LTDA'
'3005','CAJA RURAL CENTRAL SOCIEDAD COOPERATIVA DE CREDITO'
'3006','CAJA RURAL PROVINCIAL DE PONTEVEDRA SDAD COOP CTO LTDA'
'3007','CAJA RURAL DE GIJON COOPERATIVA DE CREDITO'
'3008','CAJA RURAL DE NAVARRA S COOP DE CREDITO'
'3009','CAJA RURAL DE EXTREMADURA SOCIEDAD COOPERATIVA DE CREDITO'
'3010','CAJA RURAL PROVINCIAL DE BARCELONA SDAD COOP CATALANA CTO LTDA'
'3011','CAJA RURAL PROVINCIAL DE CACERES'
'3012','CAJA RURAL PROVINCIAL DE CADIZ SDAD COOP CTO LTDA EN LIQUIDACION'
'3013','CAJA RURAL PROVINCIAL DE AVILA SDAD COOP CTO LTDA EN LIQUIDACION'
'3014','CAJA RURAL PROVINCIAL DE GERONA SDAD COOP CTO LTDA'
'3015','CAJA RURAL DE LA RIOJA SDAD COOP CTO LTDA'
'3016','CAJA RURAL DE SALAMANCA SOCIEDAD COOPERATIVA DE CREDITO'
'3017','CAJA RURAL DE SORIA SOCIEDAD COOPERATIVA DE CREDITO'
'3018','CAJA RURAL REGIONAL SAN AGUSTIN FUENTE ALAMO MURCIA SOCIEDAD COOPERATIVA DE CREDITO'
'3019','SDAD COOP ANDALUZA CTO CAJA RURAL \'SAN JOSE\''
'3020','CAJA RURAL DE UTRERA SOCIEDAD COOPERATIVA ANDALUZA DE CREDITO'
'3021','CAJA RURAL DE ARAGON SOCIEDAD COOPERATIVA DE CREDITO'
'3022','CAJA RURAL DE FUENTEPELAYO SOCIEDAD COOPERATIVA DE CREDITO'
'3023','CAJA RURAL DE GRANADA SOCIEDAD COOPERATIVA DE CREDITO'
'3024','ACOFAR SOCIEDAD COOPERATIVA DE CREDITO LIMITADA'
'3025','CAIXA DE CREDIT DELS ENGINYERS- CAJA DE CREDITO DE LOS INGENIEROS S COOP DE CREDITO'
'3026','CAJA DE CREDITO INDUSTRIAL COOPERATIVO SOCIEDAD COOPERATIVA DE CREDITO LIMITADA'
'3027','CAJA DE CREDITO DE MADRID SOCIEDAD COOPERATIVA'
'3028','CAJA DE CREDITO MEDITERRANEA COOPERATIVA DE CREDITO'
'3029','CAJA DE CREDITO DE PETREL CAJA RURAL COOPERATIVA DE CREDITO VALENCIANA'
'3030','CAJA DE CREDITO SOCIAL COOPERATIVO'
'3031','CAJA DE CREDITO DEL SUR COOPERATIVA DE CREDITO'
'3032','CAJA DE CREDITO PARA LA VIVIENDA'
'3033','CAJA GENERAL DE CREDITO SOCIEDAD COOPERATIVA'
'3034','CAJA IBERICA DE CREDITO COOPERATIVO'
'3035','CAJA LABORAL POPULAR COOP DE CREDITO'
'3036','CAJA POPULAR DE CREDITO COOPERATIVO DE LEON'
'3037','CENTRAL DEL AHORRO POPULAR DE MADRID'
'3038','CENTRAL DEL AHORRO POPULAR DE SEVILLA'
'3039','CENTRAL DEL AHORRO POPULAR DE VALENCIA COOPERATIVA DE CREDITO'
'3040','COOPERATIVA CAJA HISPANA DE CREDITO'
'3041','COOPERATIVA DE CREDITO Y AHORRO DE BARCELONA'
'3042','COOPERATIVA DE CREDITO Y AHORRO SAN ALBERTO MAGNO EN LIQUIDACION'
'3043','CREDITO Y AHORRO SANITARIO SOCIEDAD COOPERATIVA'
'3044','COOPERATIVA DE CREDITO Y AHORRO DE LA 2ª AGRUPACION MEDICA'
'3045','CAIXA RURAL ALTEA COOPERATIVA DE CREDIT VALENCIANA'
'3046','COOPERATIVA DE CREDITO Y FOMENTO INDUSTRIAL'
'3047','COOPERATIVA DE CREDITO DE JAVEA'
'3048','CAJA DE CREDITO MUTUAL COOPERATIVA DE CREDITO'
'3049','CAJA DE CREDITO DE GRANOLLERS SOCIEDAD COOPERATIVA CATALANA DE CREDITO LIMITADA EN LIQUIDACION'
'3050','COOPERATIVA DE CREDITO Y AHORRO DE ENTREVIAS SCOOP'
'3051','CREDITO COOPERATIVO (CRECO)'
'3052','CAJA INTERPROVINCIAL DE CREDITO SOCIEDAD COOPERATIVA'
'3053','CREDITO Y PREVISION COOPERATIVA DE CREDITO'
'3054','CAJA GRUMECO S COOP DE CREDITO'
'3055','INSTITUTO ECONOMICO COOPERATIVO SOCIEDAD COOPERATIVA'
'3056','CAJA RURAL DE ALBACETE SOCIEDAD COOPERATIVA DE CREDITO'
'3057','CAJA RURAL ALICANTE S COOP DE CREDITO'
'3058','CAJAMAR CAJA RURAL SOCIEDAD COOPERATIVA DE CREDITO'
'3059','CAJA RURAL DE ASTURIAS SOCIEDAD COOPERATIVA DE CREDITO'
'3060','CAJA RURAL DE BURGOS SOCIEDAD COOPERATIVA DE CREDITO'
'3061','CAJA RURAL CREDICOOP S COOP DE CREDITO'
'3062','CAJA RURAL DE CIUDAD REAL SOCIEDAD COOPERATIVA DE CREDITO'
'3063','CAJA RURAL DE CORDOBA SOCIEDAD COOPERATIVA DE CREDITO'
'3064','CAJA RURAL DE CUENCA SOCIEDAD COOPERATIVA DE CREDITO'
'3065','CAJA RURAL DE HUELVA SOCIEDAD COOPERATIVA DE CREDITO'
'3066','CAJA RURAL DE HUESCA S COOP DE CREDITO'
'3067','CAJA RURAL DE JAEN BARCELONA Y MADRID SOCIEDAD COOPERATIVA DE CREDITO'
'3068','CAJA RURAL DE LEON SDAD COOP CTO LTDA'
'3069','CAIXA RURAL DE CATALUNYA SDAD COOP CATALANA CTO LTDA'
'3070','CAIXA RURAL GALEGA SOCIEDAD COOPERATIVA DE CREDITO LIMITADA GALLEGA'
'3071','CAJA RURAL PROVINCIAL DE MADRID SDAD COOP CTO LTDA'
'3072','CAJA RURAL DE MALAGA SOCIEDAD COOPERATIVA DE CREDITO'
'3073','CAJA RURAL PROVINCIAL DE MURCIA SDAD COOP CTO LTDA'
'3074','CAJA RURAL PROVINCIAL DE ORENSE SDAD COOP CTO LTDA'
'3075','CAJA RURAL PROVINCIAL SDAD COOP DE CTO AGRARIO LTDA DE REUS EN LIQUIDACION'
'3076','CAJASIETE CAJA RURAL SOCIEDAD COOPERATIVA DE CREDITO'
'3077','CAJA RURAL DE CANTABRIA SDAD COOP CTO LTDA EN LIQUIDACION'
'3078','CAJA RURAL DE SEGOVIA COOPERATIVA DE CREDITO'
'3079','CAJA RURAL DE SEVILLA S COOP DE CREDITO'
'3080','CAJA RURAL DE TERUEL SOCIEDAD COOPERATIVA DE CREDITO'
'3081','CAJA RURAL DE TOLEDO SOCIEDAD COOPERATIVA DE CREDITO'
'3082','CAJA RURAL DEL MEDITERRANEO RURALCAJA S COOP DE CREDITO'
'3083','CAJA RURAL DEL DUERO SDAD COOP CTO LTDA'
'3084','IPAR KUTXA RURAL S COOP DE CREDITO'
'3085','CAJA RURAL DE ZAMORA COOPERATIVA DE CREDITO'
'3086','CHJA RURAL PROVINCIAL DE PALENCIA SDAD COOP CTO LTDA'
'3087','COOPERATIVA DE CREDITO CAJA RURAL \'SAN MATEO\''
'3088','CAJA RURAL PROVINCIAL DE ALAVA SDAD COOP CTO LTDA'
'3089','CAJA RURAL DE BAENA NTRA SRA DE GUADALUPE SOCIEDAD COOPERATIVA DE CREDITO ANDALUZA'
'3090','CAJA RURAL COMARCAL DE CARRION DE LOS CONDES SDAD COOP CTO LTDA EN LIQUIDACION'
'3091','CAJA RURAL COMARCAL DE TALAVERA SDAD COOP CTO LTDA EN LIQUIDACION'
'3092','CAJA RURAL DE ZARAGOZA S COOP DE CREDITO'
'3093','CAJA RURAL DEL CAMPO DE CARIÑENA SDAD COOP CTO LTDA'
'3094','CAJA CAMPO CAJA RURAL S COOP DE CREDITO'
'3095','CAJA RURAL SAN ROQUE DE ALMENARA SCOOP DE CREDITO V'
'3096','CAIXA RURAL DE L\'ALCUDIA SOCIEDAD COOPERATIVA VALENCIANA DE CREDITO'
'3097','CAJA DE PROMOCION Y CREDITO SOCIEDAD COOPERATIVA LIMITADA'
'3098','CAJA RURAL NTRA SRA DEL ROSARIO SOCIEDAD COOPERATIVA ANDALUZA DE CREDITO'
'3099','COOPERATIVA DE CREDITO CAJA RURAL DEL VALLE DE AYORA'
'3100','CAJA RURAL DE CARCAIXENT COOP CTO VALENCIANA'
'3101','SOCIEDAD COOP CTO AGRARIO LTDA CAJA RURAL DE LA MANCHA'
'3102','CAIXA RURAL SANT VICENT FERRER DE LA VALL D\'UIXO COOP DE CREDIT V'
'3103','CAJA RURAL DEL PIRINEO SDAD COOP CTO LTDA'
'3104','CAJA RURAL DE CAÑETE DE LAS TORRES NTRASRADEL CAMPO SOCIEDAD COOPERATIVA ANDALUZA DE CREDITO'
'3105','CAIXA RURAL DE CALLOSA D\'EN SARRIA COOPERATIVA DE CREDITO VALENCIANA'
'3106','CAJA RURAL DE CTO DE LA COOP COMARCAL DE AVICULTURA DE REUS SDAD COOP CATALANA DE CTO LTDA'
'3107','CAJA RURAL LOS PEDROCHES SOCIEDAD COOPERATIVA DE CREDITO'
'3108','CAJA RURAL SAN ANTONIO DE BENICASIM S COOP DE CREDITO V'
'3109','SDAD COOP CTO AGRARIO CAJA RURAL DE FUENTES DE LEON'
'3110','CAJA RURAL CATOLICO AGRARIA S COOP DE CREDITO V'
'3111','CAIXA RURAL LA VALL \'SAN ISIDRO\' SOCIEDAD COOPERATIVA DE CREDITO VALENCIANA'
'3112','CAJA RURAL SAN JOSE DE BURRIANA S COOP DE CREDITO V'
'3113','CAJA RURAL SAN JOSE DE ALCORA S COOP DE CREDITO V'
'3114','CAJA RURAL CASTELLON - S ISIDRO S COOP DE CREDITO V'
'3115','CAJA RURAL \'NUESTRA MADRE DEL SOL\' S COOP ANDALUZA DE CREDITO'
'3116','CAJA RURAL COMARCAL DE MOTA DEL CUERVO SDAD COOP LTDA CTO AGRARIO'
'3117','CAIXA RURAL D\'ALGEMESI S COOP V DE CREDIT'
'3118','CAIXA RURAL TORRENT COOPERATIVA DE CREDIT VALENCIANA'
'3119','CAJA RURAL SAN JAIME DE ALQUERIAS NIÑO PERDIDO S COOP DE CREDITO V'
'3121','CAJA RURAL DE CHESTE SOCIEDAD COOPERATIVA DE CREDITO'
'3122','COOPERATIVA DE CREDITO CAJA RURAL \'NUESTRA SEÑORA DE LOS ANGELES\''
'3123','CAIXA RURAL DE TURIS COOPERATIVA DE CREDITO VALENCIANA'
'3124','CAJA RURAL DE GODELLETA COOPERATIVA CREDITO VALENCIANA'
'3125','(COOPERATIVA DE CREDITO AGRICOLA) \'CAJA RURAL DE ALMANSA\''
'3126','CAJA RURAL DE CENIZATE SDAD COOP CTO LTDA EN LIQUIDACION'
'3127','CAJA RURAL DE CASAS IBAÑEZ S COOP DE CREDITO DE CASTILLA-LA MANCHA'
'3128','CAJA RURAL DE LA RODA SOCIEDAD COOPERATIVA DE CREDITO DE CASTILLA LA MANCHA'
'3129','CAIXA RURAL SEGRE-CINCA SDAD COOP CATALANA CTO LTDA'
'3130','CAJA RURAL SAN JOSE DE ALMASSORA S COOP DE CREDITO V'
'3131','CAJA RURAL SAN JOSE DE ARTANA COOP CTO VALENCIANA'
'3132','COOPERATIVA DE CREDITO CAJA RURAL \'SAN MARTIN\' DE SAN MARTIN DE UNX'
'3133','CAJA RURAL COOPERATIVA DE CREDITO DE HOYOCASERO'
'3134','CAJA RURAL NUESTRA SEÑORA DE LA ESPERANZA DE ONDA S COOP DE CREDITO V'
'3135','CAJA RURAL SAN JOSE DE NULES S COOP DE CREDITO V'
'3136','CAJA RURAL DE SAX MONTAÑA Y VINALOPO SDAD COOP LTDA'
'3137','CAJA RURAL DE CASINOS S COOP DE CREDITO V'
'3138','CAJA RURAL DE BETXI S COOP DE CREDITO V'
'3139','CAJA RURAL DE ARENAS DE SAN PEDRO SDAD COOP CTO LTDA'
'3140','CAJA RURAL DE GUISSONA SOCIEDAD COOPERATIVA DE CREDITO'
'3141','CAIXA RURAL PENEDES-GARRAF SDAD COOP CATALANA CTO LTDA'
'3142','SOCIEDAD COOPERATIVA LIMITADA DE CREDITO AGRARIO CAJA RURAL DE ALMENAR'
'3143','CAJA RURAL CITRICOLA SDAD COOP CTO LTDA'
'3144','CAJA RURAL DE VILLAMALEA S COOP DE CREDITO AGRARIO DE CASTILLA-LA MANCHA'
'3145','CAJA INTERPROFESIONAL DE CREDITO SOCIEDAD COOPERATIVA DE CREDITO LIMITADA'
'3146','CAJA DE CREDITO COOPERATIVO SOCIEDAD COOPERATIVA DE CREDITO'
'3147','CAIXA RURAL DE BALEARS S COOP DE CREDITO'
'3148','CAJA RURAL PROVINCIAL DE LA CORUÑA SDAD COOP CTO LTDA'
'3149','CAJA DE INVERSION SOCIEDAD COOPERATIVA DE CREDITO LIMITADA'
'3150','CAJA RURAL DE ALBAL COOPERATIVA CREDITO VALENCIANA'
'3151','CAJA PRIVADA DE CREDITO SOCIEDAD COOPERATIVA LIMITADA'
'3152','CAJA RURAL DE VILLAR COOP DE CREDITO V'
'3153','CAJA RURAL COOPERATIVA DE CREDITO DE PEDRO BERNARDO'
'3154','CAJA RURAL DE LA CARLOTA SDAD COOP ANDALUZA CTO LTDA (EN LIQUIDACION)'
'3155','CAJA RURAL DE MONCOFAR COOPERATIVA CREDITO VALENCIANA'
'3156','CAJA RURAL\'NUESTRA SEÑORA DE LA ASUNCION\' DE SONEJA COOPERATIVA CREDITO VALENCIANA'
'3157','CAJA RURAL LA JUNQUERA DE CHILCHES S COOP DE CREDITO V'
'3158','CAJA RURAL \'SAN FELIPE NERI\' DE LA LLOSA COOPERATIVA CREDITO VALENCIANA'
'3159','CAIXA POPULAR-CAIXA RURAL S COOP DE CREDITO V'
'3160','CAIXA RURAL SANT JOSEP DE VILAVELLA S COOP DE CREDITO V'
'3161','CAJA RURAL SAN FORTUNATO SDAD COOP CATALANA CTO LTDA'
'3162','CAIXA RURAL BENICARLO S COOP DE CREDIT V'
'3163','CAJA RURAL NUESTRA SEÑORA DEL BUENSUCESO DE CABANES S COOP DE CREDITO V'
'3164','CAJA RURAL SAN ISIDRO DE TORREBLANCA COOPERATIVA CREDITO VALENCIANA'
'3165','CAJA RURAL SAN ISIDRO DE VILAFAMES S COOP DE CREDITO V'
'3166','CAIXA RURAL LES COVES DE VINROMA S COOP DE CREDIT V'
'3167','CAJA RURAL SAN JUAN BAUTISTA DE SAN JUAN DE MORO COOPERATIVA CREDITO VALENCIANA'
'3168','CAJA RURAL DE MONTROY COOPERATIVA CREDITO VALENCIANA'
'3169','COBANEXPO SDAD COOP CTO LTDA'
'3170','CAJA RURAL \'SAN FELIPE NERI\' DE USERAS SDAD COOP CTO LTDA'
'3171','CAIXA DELS ADVOCATS-CAJA DE LOS ABOGADOS S COOP DE CREDITO'
'3172','CAJA CAMINOS SOCIEDAD COOPERATIVA DE CREDITO'
'3173','CAJA RURAL PROVINCIAL DE GUADALAJARA SDAD COOP CTO LTDA'
'3174','CAIXA RURAL VINAROS S COOP DE CREDIT V'
'3175','CAJA RURAL LA CAMARA DE CASTELLON COOPERATIVA CREDITO VALENCIANA'
'3176','CAJA LABORAL Y EMPRESARIAL DE SALAMANCA SOCIEDAD COOPERATIVA DE CREDITO LIMITADA'
'3177','CAJA RURAL DE CANARIAS SOCIEDAD COOPERATIVA DE CREDITO'
'3178','CAJA DE PROMOCION COMERCIAL DE LA CORUÑA SOCIEDAD COOPERATIVA DE CREDITO LIMITADA EN LIQUIDACION'
'3179','CAJA RURAL DE ALGINET SOCIEDAD COOPERATIVA CREDITO VALENCIANA'
'3180','CENTRAL DE CAJAS RURALES SDAD COOP CTO LTDA'
'3181','CAJA DE ELCHE CAJA RURAL COOPERATIVA DE CREDITO VALENCIANA'
'3182','CAJA RURAL LA FERTILIZADORA DE CASTELLON COOPERATIVA CREDITO VALENCIANA'
'3183','CAJA DE ARQUITECTOS S COOP DE CREDITO'
'3184','CAJA DE CREDITO DE ALCOY COOPERATIVA DE CREDITO VALENCIANA (EN LIQUIDACION)'
'3185','CAIXA CATALONIA DE CREDIT SDAD COOP CATALANA LTDA'
'3186','CAIXA RURAL ALBALAT DELS SORELLS COOPERATIVA DE CREDIT VALENCIANA'
'3187','CAJA RURAL DEL SUR S COOP DE CREDITO'
'3188','CREDIT VALENCIA CAJA RURAL COOPERATIVA DE CREDITO VALENCIANA'
'3189','CAJA RURAL ARAGONESA Y DE LOS PIRINEOS S COOP DE CREDITO'
'4001','CREDIPAS SA SMMD'
'4002','SOCIEDAD DE INTERMEDIACION DE ACTIVOS FINANCIEROS'
'4003','SOCIEDAD ANONIMA SAITORI SMMD'
'4004','INTERMEDIACION DE ACTIVOS SA (INTERACTIVOS)'
'4005','SOCIEDAD ANONIMA MEDIACION DINERO - - SAMEDI'
'4006','IBERICA DE DESCUENTO SA \'DESCONTIBER\''
'4007','IBERDEALER SA'
'4008','4B DE INTERMEDIACION SA SMMD'
'4009','SERVICIOS MONETARIOS Y BURSATILES SA'
'4010','MEBAN SA SOCIEDAD MEDIADORA EN EL MERCADO DE DINERO'
'4011','FINESOR SOCIEDAD ANONIMA DE FINANCIACION Y TESORERIA'
'4012','AB ASESORES BURSATILES DEUDA PUBLICA SA'
'4013','DINVERSIT SOCIEDAD MEDIADORA MERCADO DINERO SA'
'4301','SOCIEDAD DE TASACION SA'
'4302','TASACIONES HIPOTECARIAS SA'
'4303','HISPANIA DE PERITAJES SA'
'4304','TASIBERICA SA'
'4305','TASACIONES MADRID SA'
'4307','SERVICIOS VASCOS DE TASACIONES SA'
'4308','TASACIONES Y PERITAJES SA'
'4309','ASESORIA DE INVERSIONES INMOBILIARIAS SA'
'4310','CATALANA INTERNACIONAL DE VALORACIONES SA'
'4311','VALTECNIC SA'
'4312','TASVALOR SA'
'4313','TASACIONES INMOBILIARIAS SA (TINSA)'
'4314','VASA VALORACIONES SA'
'4315','TECNICOS EN TASACION SA (TECNITASA)'
'4316','AMERICAN APPRAISAL ESPAÑA SA'
'4317','TASACIONES Y VALORACIONES DE GALICIA SA'
'4318','COVIVIENDAS SA'
'4319','PRODING AUDISER SA'
'4320','TASACIONES DE BIENES MEDITERRANEO SA'
'4321','GTT SOCIEDAD ANONIMA DE PERITACIONES'
'4322','CONSULTTASA SA'
'4323','KRATA SA'
'4324','GENERAL DE TASACIONES SA'
'4325','ARPLAN - TASAVALOR SA'
'4326','TASACIONES Y VALORACIONES SA'
'4327','INTERTECNICA DE VALORACIONES Y PATRIMONIOS SA'
'4328','INTERNACIONAL DE TRANSACCIONES Y SERVICIOS SA (INTRASER)'
'4329','INMOBILIARIA DE PROMOCIONES Y ARRIENDOS SA (IMPROASA)'
'4330','INVERCAME II SA SOCIEDAD DE TASACION'
'4331','ALCEN SA SOCIEDAD DE TASACION'
'4332','REVER NUNELL SA SOCIEDAD DE TASACION'
'4333','SERIN SERVICIOS INMOBILIARIOS SA'
'4334','IV INTERVALOR SA'
'4335','BEX TASACIONES SA'
'4336','VALORACIO D\' ACTIUS SA'
'4337','VALTEC SA'
'4338','GESBISA GESTORA DE BIENES Y TASACIONES SA'
'4339','TASACIONES VALORACIONES Y SERVICIOS SA'
'4340','TASACIONES Y SUBASTAS DEL DUERO SA'
'4341','TASACIONES Y EVALUACIONES SA (TYE SA)'
'4342','INFORMACIO CARTOGRAFICA I DE BASE SA'
'4343','URBANIZACIONES ARQUITECTURA E INGENIERIA SA (URBAISA)'
'4344','VALORACIONES ARMANDO ROJO SA'
'4345','CORPORACION GENERAL DE ESTUDIO Y GESTION SA'
'4347','TECVA SA'
'4348','TASACIONES Y VALORACIONES ASTURIANAS SA'
'4349','ZEHAZKI SA'
'4350','VALORACIONES MEDITERRANEO SA'
'4351','TASAHIPOTECARIA SA SOCIEDAD DE TASACION'
'4352','TASACIONES Y VALORACIONES INMOBILIARIAS SA (TAVINSA)'
'4353','VALORACIONES Y TASACIONES SA (VALTASA)'
'4354','SPANIA TASACIONES SA'
'4355','GESTORA ASOCIADA SA'
'4356','HISPANIA DE TASACIONES INMOBILIARIAS SA'
'4357','EURO APPRAISAL SA'
'4358','TASACIONES ANDALUZAS SA'
'4359','INMOSEGUROS TASACION SA'
'4360','C-22 SA'
'4361','TASACIONES Y PRESUPUESTOS SA'
'4362','SOLUCIONES Y DISEÑOS SA'
'4363','GENERAL DE VALORACIONES SA'
'4364','IBERICA DE TASACIONES SA'
'4365','SOCIEDAD ESPAÑOLA DE VALORACIONES SA'
'4366','TASATECNI SA EN LIQUIDACION'
'4367','GABINETE DE TASACIONES INMOBILIARIAS SA'
'4368','COMPAÑIA HISPANIA DE TASACIONES Y VALORACIONES SA'
'4369','ESTUDIOS Y PROYECTOS TECNICOS INDUSTRIALES SA SOCIEDAD DE TASACION (EPTISA)'
'4370','MHP TASACIONES SA'
'4371','STV SOCIEDAD DE TASACIONES Y VALORACIONES SA'
'4372','MURCIANA DE TASACIONES SA'
'4373','TASACIONES MALAGA SA'
'4374','COMA TASACIONES Y VALORACIONES SA'
'4375','VALUE SA'
'4376','TASACIONES URBANAS SA'
'4377','TASACIONES DEL SURESTE SA'
'4378','TASACIONES CUANTO SA'
'4379','GECOPINSA TASACIONES SA'
'4380','EXPERTISE SA'
'4381','TASACIONES Y SERVICIOS INMOBILIARIOS SA'
'4382','VALOR FISCAL SA'
'4383','TASABALEAR SA'
'4384','ASISTENCIA INMOBILIARIA DE VALORACIONES Y TASACIONES SA'
'4385','EUROTASA SA'
'4386','CONTINENTAL DE TASACIONES SA'
'4387','VALORACIONES PATRIMONIALES SA'
'4388','EUROVALORACIONES SA'
'4389','PARKHABITA TASACIONES SA'
'4390','GETA SA'
'4391','INVERAPPRAISAL SA'
'4392','VALORACIONES Y TASACIONES HIPOTECARIAS SA'
'4393','VATPE SA'
'4394','EDMUNDO HERNANDO MORON SOCIEDAD DE TASACIONES SA'
'4395','TRAVER Y ASOCIADOS DE VALORACIONES SA'
'4396','TASACIONES VALENCIA SA'
'4397','INSTITUTO DE TASACIONES INFORMATIZADAS SA'
'4398','GABINETE DE TASACIONES E-3 SA'
'4399','ASSETS VALUATION ADVISERS SA'
'4400','TASACIONES Y CONSULTORIA SA'
'4401','GABINETE DE VALORACIONES SA'
'4402','ENTIDAD DE TASACIONES SA'
'4403','INTA SOCIEDAD ANONIMA SOCIEDAD DE TASACIONES'
'4404','ARQUITASA SOCIEDAD DE TASACIONES DE LOS COLEGIOS DE ARQUITECTOS DE ESPAÑA SA'
'4405','IBERAPPRAISAL SA'
'4406','ALIA TASACIONES SA'
'4407','INFORMATICA Y VALORACIONES SA'
'4408','TASACIONES ORFE SA'
'4409','TASACIONES 92 SA'
'4410','TASACIONES APPRAISE SA'
'4411','PENIBETICA DE TASACIONES SA'
'4412','EXPERTASA - EXPERTOS INMOBILIARIOS DE TASACIONES SA'
'4413','ISLEÑA DE TASACIONES SA'
'4414','CIS - TASACION SA'
'4415','L & L SOCIEDAD DE TASACION SA'
'4416','ARCO VALORACIONES SA'
'4417','TASACIONES LAGO SA'
'4418','INTEMAC AUDIT SA'
'4419','BALSUAR SA'
'4420','REGULATION WORLD SA'
'4421','NORTASA DE VALORACIONES SA'
'4422','IBERTASA SA'
'4423','GURRUCHAGA TASACIONES SA'
'4424','INFORMES Y TASACIONES INITASA SA'
'4425','TASACIONES 2000 SA'
'4426','CARBALLO SOCIEDAD ANONIMA DE TASACIONES'
'4427','TASACIONES RUBIO AGUIRRE SA'
'4428','CONSULTING DE TASACIONES SA'
'4429','TASADORA DEL MEDITERRANEO SA'
'4430','ENTITAT DE TAXACIONS VALORACIONS I PERITATGES SA'
'4431','TASACIONES EP SA'
'4432','VALTASAR SOCIEDAD DE TASACIONES SA'
'4433','IBERTASA IBERO TASACIONES SA'
'4434','TECGLEN TASACIONES SA'
'4435','TASACIONES BANCARIAS SA'
'4436','AUDIVALOR SA'
'4437','GRUPO IDEARQ SA'
'4438','SESTASA - SOCIEDAD ESTATAL DE TASACIONES SA'
'4439','VALUERS 15 SOCIEDAD ANONIMA'
'4440','ARQUITECTURA Y TASACIONES SA'
'4441','INTERGER TASACIONES SA'
'4442','MEDITERRANEA DE TASACIONES SA'
'4443','VALORACIONES SURESTE SA'
'4444','LKS TASACIONES SA'
'4445','UNIVERSAL DE TASACION SA'
'4446','AFES TECNICAS DE TASACION SA'
'4447','OFICINA DE TASACIONES SA'
'4448','GRUPO TASVALOR SA'
'4449','TASACIONES ROMA SA'
'4450','GALTIER FRANCO IBERICA SA'
'4451','VRUE VALORACION GLOBAL SA'
'4452','FITASA SA'
'4453','VALORACION DE BIENES SA'
'4454','EUROLAR SOCIEDAD ANONIMA'
'4455','GESTION DE VALORACIONES Y TASACIONES SA'
'4456','RISC VALOR SA'
'4457','ABBEY NATIONAL VALORACION SA'
'4458','I-V TASACIONES SA'
'4459','TASACIONES HIPOTECARIAS RENTA SA'
'4460','ABRIL CIA DE VALORACIONES SA'
'4461','TASARAGON SA'
'4462','COLLECTIU ARQUITECTES TAXADORS SA'
'4463','TASACIONES LOPEZ LOIZAGA SA'
'4464','TASAWOR SA'
'4465','AB TASACIONES SA'
'4466','TACEIN SA'
'4467','EUROPEA GENERAL DE VALORACIONES SA'
'4468','TASACIONES - 7 SA'
'4469','EXPERTOS INDEPENDIENTES-TASADORES SOCIEDAD ANONIMA'
'4470','BARNA-TASA SA'
'4471','TASACIONES INSULARES SOCIEDAD ANONIMA'
'4472','VALORACIONES FRASER SA'
'4473','REALTY VALORACIONES Y TASACIONES SA'
'4474','SOCIEDAD INTEGRAL DE VALORACIONES AUTOMATIZADAS SA'
'4475','TASATRES SA'
'4476','VALORACIONES TOLEDO SOCIEDAD ANONIMA'
'4477','LEVANTINA DE TASACIONES SOCIEDAD ANONIMA'
'4478','VALORACIONES Y PERITACIONES GTS TASACIONES LEVANTE SA'
'4479','TASACIONES REUNIDAS SA'
'4480','CENTRO DE TASACIONES DEL INSTITUTO ESPAÑOL DE FOMENTO INDUSTRIAL SA'
'4481','TASAR Y VALORAR XXI SA'
'4482','GESTION DE TASACIONES INMOBILIARIAS SA'
'4483','EQUIPO TASACIONES-22 SA'
'4484','PERITACIONES Y TASACIONES PERITAX SA'
'4485','HISPANO EUROPEA DE TASACIONES SA'
'4486','COMPAÑIA CASTELLANO LEONESA DE TASACIONES SA'
'4487','NORMA VALORACIONES SA'
'4488','COMPAÑIA DE MEDIOS Y SERVICIOS DE TASACION SA'
'4489','VALENCIA TERRA VT SOCIEDAD DE TASACIONES INMOBILIARIAS SA'
'4490','INNOTASA SA'
'4491','GLOBAL GESTION DE TASACIONES SA'
'4492','INTERVALOR CONSULTING GROUP SA'
'4493','INFORMES Y VALORACIONES MEDITERRANEAS SOCIEDAD ANONIMA'
'4494','TASASUR SOCIEDAD DE TASACIONES SA'
'4495','EBROTASA SA'
'4496','TASACIONES DEL MARCO DE ESPAÑA SOCIEDAD ANONIMA'
'4497','THADER VALORACIONES SA'
'4701','HISPANO ORIX LEASING SA'
'4702','URQUIJO LEASING SOCIEDAD ANONIMA SOCIEDAD DE ARRENDAMIENTO FINANCIERO'
'4703','LISBAN SA COMPAÑIA DE LEASING'
'4704','VOLKSWAGEN LEASING SA ESTABLECIMIENTO FINANCIERO DE CREDITO'
'4705','COMPAÑIA ESPAÑOLA DE FINANCIACION Y LEASING SA'
'4706','CATERPILLAR FINANCIAL CORPORACION FINANCIERA SOCIEDAD ANONIMA ESTABLECIMIENTO FINANCIERO CREDITO'
'4707','BBV LEASING SA'
'4708','INTERLEASING ESTABLECIMIENTO FINANCIERO DE CREDITO SOCIEDAD ANONIMA'
'4709','ING LEASE (ESPAÑA) EFC SA'
'4710','IBERLEASING SA'
'4711','TECNILEASING SA'
'4712','CITILEASE INTERNACIONAL SA SOCIEDAD DE ARRENDAMIENTO FINANCIERO (CITILISA)'
'4713','LICO LEASING SA ESTABLECIMIENTO FINANCIERO DE CREDITO'
'4714','SLIBAIL IBERICA SA'
'4715','LISFINA SOCIEDAD ANONIMA'
'4716','LEASECAPITAL SA'
'4717','LEASING INTERNACIONAL SA'
'4718','COMPAÑIA INTERNACIONAL DE FINANCIACION SA'
'4719','BANSABADELL LEASING EFC SA'
'4720','HISPAMER LEASING SOCIEDAD DE ARRENDAMIENTO FINANCIERO SA'
'4721','BANESTO LEASING SOCIEDAD DE ARRENDAMIENTO FINANCIERO SA'
'4722','COPEN LEASING SA'
'4723','BARCELONESA DE LEASING SOCIEDAD ANONIMA SAF'
'4724','RENTEQUIPO SA'
'4725','FORD LEASING SOCIEDAD DE ARRENDAMIENTO FINANCIERO SA'
'4726','ACCORDIA ESPAÑA SA ESTABLECIMIENTO FINANCIERO DE CREDITO'
'4727','EUROPA DE INVERSIONES Y LEASING SA'
'4728','BEX LEASING SA SAF'
'4729','EQUIPAMIENTO PROFESIONAL ENTIDAD DE LEASING SA'
'4730','FINANCO LEASING ENTIDAD DE ARRENDAMIENTO FINANCIERO SA'
'4731','LEASING INMOBILIARIO SOCIEDAD ANONIMA'
'4732','GESAF LEASING SA'
'4733','INFOLEASING ESTABLECIMIENTO FINANCIERO DE CREDITO SA'
'4734','PROMOLEASING SA'
'4735','INTERNATIONALE NEDERLANDEN LEASE INMUEBLES SOCIEDAD DE ARRENDAMIENTO FINANCIERO SA'
'4736','ARRENDAMIENTOS FINANCIEROS INMOBILIARIOS SA'
'4737','MORGAN LEASING SA'
'4738','LEASING CONSULT SA'
'4739','ARAGONESA DE LEASING SOCIEDAD ANONIMA SAF'
'4740','ARABE ESPAÑOLA DE LEASING SA -EFC-'
'4741','MENHIR LEASING SA SAF'
'4742','ESPIRITO SANTO LEASING SA EFC'
'4743','FOCRE - LEASING SA'
'4744','EUROLEASE IBERICA SA'
'4745','PASTOR SKANDIC LEASING SA'
'4746','CHEMICAL LEASING SOCIEDAD ANONIMA ESPAÑOLA SAF'
'4747','GE CAPITAL LEASING SOCIEDAD DE ARRENDAMIENTO FINANCIERO SA'
'4748','CONSORCIO NACIONAL DEL LEASING SA'
'4749','PSA LEASING ESPAÑA SA EFC'
'4750','BARCLAYS LEASING SA'
'4751','LISIN SA'
'4752','BANKINTER LEASING SOCIEDAD DE ARRENDAMIENTO FINANCIERO SA'
'4753','EDAMLEASING EFC SA'
'4754','LEASHOTEL SA'
'4755','SECURITY PACIFIC LEASING SOCIEDAD ANONIMA DE ARRENDAMIENTO FINANCIERO'
'4756','NMB LEASE ESPAÑA SOCIEDAD DE ARRENDAMIENTO FINANCIERO SA'
'4757','BANSALEASE SA ESTABLECIMIENTO FINANCIERO DE CREDITO'
'4758','LEASEBANESTO SOCIEDAD DE ARRENDAMIENTO FINANCIERO SA'
'4759','MASTER LEASING SA'
'4760','CHASE LEASING SA'
'4761','IBM FINANCIACION EFC SA'
'4762','LLOYDS LEASING ESPAÑA SA'
'4763','CENTROBAN LEASING SA'
'4764','MARLEASING SA'
'4765','LEASE PLAN ESPAÑA SA ESTABLECIMIENTO FINANCIERO DE CREDITO'
'4766','LEASING TURISTICO SAF SA'
'4767','CAIXALEASING Y FACTORING ESTABLECIMIENTO FINANCIERO DE CREDITO SA'
'4768','LEASINGPENSIONS SA SOCIEDAD DE ARRENDAMIENTO FINANCIERO'
'4769','LEASING BANZANO SA (LISBANZANO)'
'4770','GMAC ESPAÑA SOCIEDAD ANONIMA OPEL LEASING EFC'
'4771','NATWEST LEASING SA SOCIEDAD DE ARRENDAMIENTO FINANCIERO'
'4772','CELISING ESTABLECIMIENTO FINANCIERO DE CREDITO SA'
'4773','MULTILEASING SA'
'4774','EFSA DE LEASING SA'
'4775','LEASING BANCOTRANS SOCIEDAD DE ARRENDAMIENTO FINANCIERO SA'
'4776','ECOFINANCE ESPAÑA ESTABLECIMIENTO FINANCIERO DE CREDITO SA'
'4777','MARCH LEASING SA'
'4778','LEASING ORDENADORES SA'
'4779','LEASING CATALUNYA ESTABLECIMIENTO FINANCIERO DE CREDITO SA'
'4780','BANLEASING SA'
'4781','SVENSKA FINANS ESPAÑA SOCIEDAD ANONIMA SAF'
'4782','CREDIDUERO SA ESTABLECIMIENTO FINANCIERO DE CREDITO'
'4783','NC LEASING SA'
'4784','TRANSOLVER FINANCE ESTABLECIMIENTO FINANCIERO DE CREDITO SA'
'4785','INVHERLEASING SOCIEDAD DE ARRENDAMIENTO FINANCIERO SA'
'4786','EMPRESARIAL CATALANA DE LEASING SOCIEDAD ANONIMA'
'4787','OFIMATICA LEASING SA'
'4788','AROLEASING ESTABLECIMIENTO FINANCIERO DE CREDITO SA'
'4789','H SANTOS ESTABLECIMIENTO FINANCIERO DE CREDITO SA'
'4790','INVES-LEASING SA SAF'
'4791','COFISA LEASING SA'
'4792','BURNHILL LEASING ESPAÑOLA SA'
'4793','MADIBERG SA'
'4794','NISSAN LEASING SOCIEDAD ANONIMA ESTABLECIMIENTO FINANCIERO DE CREDITO'
'4795','MEDITERRAN-LEASING SA'
'4796','DAF COMPAÑIA DE LEASING SA'
'4797','SANTANDER LEASE SA ESTABLECIMIENTO FINANCIERO DE CREDITO'
'4798','SEUR LEASING SA'
'4799','MERCEDES-BENZ FINANCIAL SERVICES ESPAÑA EFC SA'
'4800','LISTRADE SA'
'4801','SANITARIA LEASING SA'
'4802','LEASING MASPALOMAS SA'
'4803','SYNERLEASE IBERICA SA'
'4804','LEASCAR SA'
'4805','SANPAOLO EIVILEASING SA ESTABLECIMIENTO FINANCIERO DE CREDITO'
'4806','SOFILEASING SA'
'4807','BBL LEASING ESPAÑA SA'
'4808','CAPITAL LEASING SA'
'4809','ADEFISA LEASING ESTABLECIMIENTO FINANCIERO DE CREDITO SA'
'4810','SAUDESBANK LEASING SA'
'4811','FINANCIAL LEASING SOCIEDAD ANONIMA'
'4812','UFB LEASING ESPAÑA SA'
'4813','ESFINGE LEASING SOCIEDAD ANONIMA SOCIEDAD DE ARRENDAMIENTO FINANCIERO'
'4814','METALEASING SA'
'4815','PEGASO LEASING SA'
'4816','OLIMPIC COMPAÑIA DE LEASING SA'
'4817','SCANIA LEASING SAE'
'4818','COMPAÑIA DE ARRENDAMIENTOS FINANCIEROS DE CASTILLA-LA MANCHA SA'
'4819','BANCANTABRIA INVERSIONES SA EFC'
'4820','LIS-LEASING INDUSTRIAL Y DE SERVICIOS SA'
'4821','ASTUR-LEASING SA'
'4822','INMOLEASING SA'
'4823','DELTA LEASING SA'
'4824','SOGEFIN LEASING SOCIEDAD ANONIMA SOCIEDAD DE ARRENDAMIENTO FINANCIERO'
'4825','MONLEASING SOCIEDAD ANONIMA'
'4826','FINANSSKANDIC LEASING SOCIEDAD DE ARRENDAMIENTO FINANCIERO SA'
'4827','MAPFRE LEASING SA'
'4828','CORPORACION DE ARRENDAMIENTOS FINANCIEROS AGRICOLAS E INDUSTRIALES SA'
'4829','AHORRO LEASING SOCIEDAD DE ARRENDAMIENTO FINANCIERO SA'
'4830','ABN-AMRO LEASING SA SAF'
'4831','EUROPEA POPULAR DE LEASING INMOBILIARIO SA SAF'
'4832','IBERCAJA LEASING Y FINANCIACION SA ESTABLECIMIENTO FINANCIERO DE CREDITO'
'4833','EUROLEASING INMOBILIARIO SA SAF'
'4834','UNION DE CREDITOS INMOBILIARIOS LEASING SA SAF'
'4835','PASTOR LEASING SOCIEDAD DE ARRENDAMIENTO FINANCIERO SA'
'4836','COFIBER LEASING SOCIEDAD DE ARRENDAMIENTO FINANCIERO SA'
'4837','MADRID LEASING CORPORACION SA ESTABLECIMIENTO FINANCIERO DE CREDITO'
'4838','SA NOSTRA DE INVERSIONES ESTABLECIMIENTO FINANCIERO DE CREDITO SA'
'4839','MUTUACTIVOS LEASING SOCIEDAD DE ARRENDAMIENTO FINANCIERO SA'
'6701','YOUNIQUE MONEY EDE SA'
'7861','LICO CORPORACION SA'
'7862','CARTUJA CORPORACION EMPRESARIAL SA'
'8201','CENTRAL HISPANO HIPOTECARIO SA SCH'
'8202','CORPORACION HIPOTECARIA BANCOBAO SA SOCIEDAD DE CREDITO HIPOTECARIO'
'8203','COMERCIO FINANCIACION HIPOTECARIA SA SCH'
'8204','BANESTO HIPOTECARIO SA SCH'
'8205','HERRERO SOCIEDAD DE CREDITO HIPOTECARIO SA'
'8206','HIPOTEBANSA ESTABLECIMIENTO FINANCIERO DE CREDITO SA'
'8207','GDS ESTABLECIMIENTO FINANCIERO DE CREDITO SA'
'8208','MENHIR HIPOTECARIO SA SCH'
'8209','HIPOTECAIXA ESTABLECIMIENTO FINANCIERO DE CREDITO SA'
'8210','BANZANO HIPOTECARIO SA SCH'
'8211','BANSABADELL FINANCIACION EFC SA'
'8212','BEX HIPOTECARIO SA SCH'
'8214','MARCH HIPOTECARIO SA SCH'
'8215','ARABE ESPAÑOLA DE CREDITO HIPOTECARIO SA (ARESHIPOTECARIA)'
'8216','AHORRO Y CREDITO HIPOTECARIO SA SCH'
'8217','CAJA EURO-HIPOTECARIA SA SOCIEDAD DE CREDITO HIPOTECARIO'
'8218','MAPFRE HIPOTECARIA SCH SA'
'8219','PRAGA DE HIPOTECAS Y CREDITOS EFC SA'
'8220','BANKINTER SOCIEDAD DE CREDITO HIPOTECARIO SA'
'8221','CORPORACION HIPOTECARIA MUTUAL SOCIEDAD ANONIMA ESTABLECIMIENTO FINANCIERO DE CREDITO'
'8222','IGS DE MERCADO HIPOTECARIO SCH SA EN LIQUIDACION'
'8223','CREDIT LYONNAIS SOCIEDAD ANONIMA SCH'
'8224','ABBEYCOR NACIONAL HIPOTECARIO SA SCH'
'8225','SOLBANK LEASING EFC SA'
'8226','CORPORACION HIPOTECARIA CENTRAL SOCIEDAD DE CREDITO HIPOTECARIO SOCIEDAD ANONIMA'
'8227','CREDICAT SA SCH'
'8228','AMERICO HISPANA SA SCH'
'8229','KAIROS HIPOTECARIO SCH SA'
'8230','FINANCO HIPOTECARIO SOCIEDAD DE CREDITO HIPOTECARIO SA'
'8231','SOCIEDAD IBERICA DE CREDITO INMOBILIARIO SA SCH'
'8232','EUROPEA POPULAR HIPOTECARIA SA SCH'
'8233','CELERIS SERVICIOS FINANCIEROS SA EFC'
'8234','AIG FINANZAS SOCIEDAD ANONIMA ESTABLECIMIENTO FINANCIERO DE CREDITO'
'8235','BILBAO HIPOTECARIA SA ESTABLECIMIENTO FINANCIERO DE CREDITO'
'8236','SANTANDER CONSUMER ESTABLECIMIENTO FINANCIERO DE CREDITO SA'
'8237','SOCIEDAD DE CREDITO HIPOTECARIO MUTUAL SA'
'8238','UNION DE CREDITOS INMOBILIARIOS HIPOTECARIA SA SCH'
'8239','MADRID HIPOTECARIA SA ESTABLECIMIENTO FINANCIERO DE CREDITO'
'8240','CXG CREDITO FAMILIAR CORPORACION CAIXAGALICIA ESTABLECIMIENTO FINANCIERO DE CREDITO SA'
'8300','LATINOAMERICANA DE FINANCIACIONES SA'
'8302','FIDENTER SA'
'8303','FINANCIACION Y DISTRIBUCION DE AUTOMOVILES SA (FIDIAUTO)'
'8304','SOCIEDAD DE GESTION Y COOPERACION FINANCIERA SA (SOGECOFI) \'EN LIQUIDACION\''
'8305','FINANCIERA FERRAZ SA'
'8306','FINANCAISA SA'
'8307','VOLKSWAGEN FINANCE SA ESTABLECIMIENTO FINANCIERO DE CREDITO'
'8308','FINANCIERA CARRION SA ESTABLECIMIENTO FINANCIERO DE CREDITO EFC'
'8309','VOLVO CAR FINANCE ESPAÑA ESTABLECIMIENTO FINANCIERO DE CREDITO SA'
'8310','SOCIEDAD DE VENTAS A CREDITO BANCAYA SA ESTABLECIMIENTO FINANCIERO DE CREDITO'
'8311','FINANCIERA DE EXPANSION Y VENTAS SA (FIVENTAS)'
'8312','FINANCIERA RIOJANA SA'
'8313','FINANCIERA DEL GALLEGO SA'
'8314','BANSANDER DE FINANCIACIONES SA ESTABLECIMIENTO FINANCIERO DE CREDITO'
'8315','FIMECA SA ENTIDAD DE FINANCIACION'
'8316','SOCIEDAD DE FINANCIACION DE VENTAS A CREDITO SA (SOFIVAC)'
'8317','UNION ESPAÑOLA DE FINANCIACION SA (UNIFIBAN)'
'8318','FINANCIACION INDUSTRIAL MAPFRE SA ENTIDAD DE FINANCIACION'
'8319','CREDITSA MADRID ENTIDAD DE FINANCIACION SA'
'8320','FINANCIERA FINAVAL SA'
'8321','IBERDROLA SERVICIOS FINANCIEROS ESTABLECIMIENTO FINANCIERO DE CREDITO SA'
'8322','FIGUI SA ENTIDAD DE FINANCIACION'
'8323','UNION INTERNACIONAL DE FINANCIACION ESTABLECIMIENTO FINANCIERO DE CREDITOSA (UNIFIBAN)'
'8324','FINANCIERA RIVA Y GARCIA SOCIEDAD ANONIMA DE FINANCIACION'
'8325','FINANCIERA ALGAMAR SOCIEDAD ANONIMA DE FINANCIACION'
'8326','COMPAÑIA FINANCIERA BANCAYA SA ENTIDAD DE FINANCIACION'
'8327','FINANCIERA SIERRA NEVADA SA'
'8328','FINANCIERA BIDASOA SA'
'8329','CAJA DE FINANCIACIONES REUNIDAS SOCIEDAD ANONIMA ENTIDAD DE FINANCIACION'
'8330','CREDITOS Y FINANCIACIONES SA ENTIDAD DE FINANCIACION'
'8331','BANESTO CONSUMO SOCIEDAD ANONIMA ENTIDAD DE FINANCIACION'
'8332','EUROPEA DE FINANCIACION INVERSION Y PROMOCION SA ENTIDAD DE FINANCIACION'
'8333','CRECOM ENTIDAD DE FINANCIACION SA'
'8334','MAPFRE FINANZAS DE NAVARRA ARAGON Y RIOJA ENTIDAD DE FINANCIACION SA'
'8335','PROMOCION EUROPEA DE INVERSIONES Y NEGOCIOS LIBRA ENTIDAD DE FINANCIACION SA'
'8336','EMECESA ENTIDAD DE FINANCIACION SA'
'8337','BARCELONESA DE FINANCIACION SA ENTIDAD DE FINANCIACION'
'8338','ASISTENCIA TECNICO FINANCIERA ENTIDAD DE FINANCIACION SA'
'8339','FINANCIERA DEL OESTE SA ENTIDAD DE FINANCIACION'
'8340','NACIONAL ENTIDAD DE FINANCIACION SA'
'8341','FINANCIERA EL GRECO SA ENTIDAD DE FINANCIACION'
'8342','LUZARO ESTABLECIMIENTO FINANCIERO DE CREDITO SOCIEDAD ANONIMA'
'8343','FINANCIERA BANIF SA ENTIDAD DE FINANCIACION'
'8344','FILADELFIA SA COMPAÑIA DE FINANCIACION'
'8345','RENAULT FINANCIACIONES SA ESTABLECIMIENTO FINANCIERO DE CREDITO'
'8346','COFIC COMPAÑIA DE FINANCIACION SA'
'8347','CREDITOS L\'UNION SOCIEDAD ANONIMA ENTIDAD DE FINANCIACION'
'8348','FINANCIERA VIZCAINA SA ENTIDAD DE FINANCIACION'
'8349','FINANCIERA COMERCIAL E INDUSTRIAL SA ENTIDAD DE FINANCIACION'
'8350','BEX FINANZAS CATALUÑA SA COMPAÑIA DE FINANCIACION'
'8351','ASESORAMIENTO E INVERSIONES BURSATILES SA ENTIDAD DE FINANCIACION'
'8352','ESPAÑOLA DE FINANZAS SA ENTIDAD DE FINANCIACION'
'8353','FINANCIERA REUS SA ENTIDAD DE FINANCIACION'
'8354','FINANCIERA DOS SA ENTIDAD DE FINANCIACION'
'8355','FINANCIERA DE SERVICIOS GENERALES SOCIEDAD ANONIMA DE FINANCIACION'
'8356','MONTFRAGÜE ENTIDAD DE FINANCIACION SA'
'8357','ASTER SA ENTIDAD DE FINANCIACION'
'8358','FINANCIERA DE CALIFORNIA SA'
'8359','FIDEMER ENTIDAD DE FINANCIACION SA'
'8360','EUROMOCION SA ENTIDAD DE FINANCIACION'
'8361','FORD CREDIT SOCIEDAD ANONIMA DE FINANCIACION'
'8362','FIGARSA COMPAÑIA DE FINANCIACION SA'
'8363','CENTRO FINANCIERO E INMOBILIARIO SA ENTIDAD DE FINANCIACION'
'8364','HISPANA DE FINANZAS SA COMPAÑIA DE FINANCIACION'
'8365','BONANOVA DE INVERSIONES SA COMPAÑIA DE FINANCIACION'
'8366','UNION INDUSTRIAL DE FINANZAS E INVERSIONES SA COMPAÑIA DE FINANCIACION'
'8367','FINANCIERA DE EMPRESARIOS SA'
'8368','FOMENTO DE INVERSIONES Y FINANZAS SA COMPAÑIA DE FINANCIACION'
'8369','CREDIVIAJE SA ENTIDAD DE FINANCIACION'
'8370','FINANCIERAS AGRUPADAS ESTABLECIMIENTO FINANCIERO DE CREDITO SA'
'8371','FINANCIERA CORTES DE ARAGON SA'
'8372','ENTIDAD DE FINANCIACION CORTES DE NAVARRA SA ( FICONASA )'
'8373','FAISA ENTIDAD DE FINANCIACION SA'
'8374','SEFISA FINANCIACIONES SA'
'8375','FINANCIERA CATALANO BALEAR ENTIDAD DE FINANCIACION SA'
'8376','PSA CREDIT ESPAÑA SA EFC'
'8377','AUTOFIN ENTIDAD DE FINANCIACION SA'
'8378','CONSULCREDIT SA ENTIDAD DE FINANCIACION'
'8379','VILAFRANQUESA DE FINANCIACIONES SA'
'8380','ENTIDAD DE FINANCIACION PROMOTORA FINANCIERA DE CORDOBA SA'
'8381','FINANCIERA GUIPUZCOANA SA ENTIDAD DE FINANCIACION'
'8382','ENTIDAD DE FINANACIACION FINANCIERA PRINCIPE DE VIANA SA'
'8383','UBEDA Y CIA SA ENTIDAD DE FINANCIACION'
'8384','INVERMI SA ENTIDAD DE FINANCIACION'
'8385','FICRE SA'
'8386','FIDECRE SA'
'8387','FYC SA'
'8388','FIAN SA'
'8389','FICE SA'
'8390','GECRESA BARCELONA SA ENTIDAD DE FINANCIACION'
'8391','FINANCIERA MONTHISA SA ENTIDAD DE FINANCIACION'
'8392','BGN INVERSIONES EF SA'
'8393','ENTIDAD DE FINANCIACION BERTENDONA SA'
'8394','EFISA ENTIDAD DE FINANCIACION SA'
'8395','HISPAMER FINANCIACION ENTIDAD DE FINANCIACION SA'
'8396','INVERSIONES DEL OESTE ENTIDAD DE FINANCIACION'
'8397','CARTERA Y FINANZAS SA ENTIDAD DE FINANCIACION'
'8398','BARCLAYS ENTIDAD DE FINANCIACION SA'
'8399','FINCAS DEL BAJO EBRO SA ENTIDAD DE FINANCIACION'
'8400','ENTIDAD CATALANA DE FINANCIACION SA'
'8401','COMPAÑIA DE FINANCIACION CASE SA'
'8402','FINANCIERA DE AUTOMOCION SA ENTIDAD DE FINANCIACION'
'8403','COMPAÑIA DE FINANCIACION BROKIBANK SA'
'8404','REGULO SA ENTIDAD DE FINANCIACION'
'8405','SOCIEDAD DE FINANCIACION DE VENTAS A PLAZO SA'
'8406','TRANSFACTOR SA COMPAÑIA DE FACTORING Y FINANCIACION'
'8407','CENTRO FINANCIERO AITANA SA ENTIDAD DE FINANCIACION'
'8408','CLUB CATALA DE FINANCES EMPRESA DE FINANCIACION SA'
'8409','SALMANTINA DE FINANCIACION SOCIEDAD ANONIMA'
'8410','LICO FINANCIACION Y COBRO SA ESTABLECIMIENTO FINANCIERO DE CREDITO'
'8411','FINUNION MADRID SA ENTIDAD DE FINANCIACION'
'8412','REGISA EMPRESA DE FINANCIACION SA'
'8413','FIBERICA ENTIDAD DE FINANCIACION SA'
'8414','FICEN SA (FINANCIERA CENTRO SA) ENTIDAD DE FINANCIACION'
'8415','FINANDALUS ENTIDAD DE FINANCIACION SA'
'8416','CREDITOS E INVERSIONES BENJA ENTIDAD DE FINANCIACION SA'
'8417','FOMENTO DE EXPANSION COMPAÑIA DE FINANCIACION SA'
'8418','UNION CATALANA D\'INVERSIONES SA ENTIDAD DE FINANCIACION'
'8419','SERVICIOS DE PRESTAMOS Y CREDITOS DELTA SA EF'
'8420','PROMOCIONES Y FINANCIACIONES AIDA SA ENTIDAD DE FINANCIACION'
'8421','CONSORCIO FINANCIERO IBERICO SA ENTIDAD DE FINANCIACION'
'8422','ENTIDAD DE FINANCIACION DE GUARNIZO SA'
'8423','SECURITY PACIFIC CREDIT SA DE FINANCIACION'
'8424','CORPORACION FINANCIERA SUR ENTIDAD DE FINANCIACION SA'
'8425','CENTRAL FINANCIERA DEL HENARES ENTIDAD DE FINANCIACION SA'
'8426','MAPFRE FINANZAS DE CASTILLA SA'
'8427','MAPFRE FINANZAS ENTIDAD DE FINANCIACION SA'
'8428','CENTRAL CORDOBESA DE CREDITO ENTIDAD DE FINANCIACION SA'
'8429','CENTRAL RIOJANA DE CREDITO ENTIDAD DE CREDITO SA'
'8430','MAPFRE FINANZAS DEL ATLANTICO ENTIDAD DE FINANCIACION SA'
'8431','CENTRAL MURCIANA DE CREDITO ENTIDAD DE FINANCIACION SA'
'8432','COMPAÑIA DE FINANCIACION DE EQUIPAMIENTOS SA'
'8433','BEX FINANZAS SA ENTIDAD DE FINANCIACION'
'8434','FIAC IBERICA SA ENTIDAD DE FINANCIACION'
'8435','SOGEFIN CREDITO SA ENTIDAD DE FINANCIACION'
'8436','ENTIDAD DE FINANCIACION E INVERSIONES ARAGONESAS SA'
'8437','CENTRAL ALAVESA DE CREDITO ENTIDAD DE FINANCIACION SA'
'8438','CENTRAL JIENENSE DE CREDITO ENTIDAD DE FINANCIACION SA'
'8439','CENTRAL GERUNDENSE DE CREDITO ENTIDAD DE FINANCIACION SA'
'8440','CENTRAL MONTAÑESA DE CREDITO ENTIDAD DE FINANCIACION SA'
'8441','CENTRAL ASTURIANA DE CREDITO ENTIDAD DE FINANCIACION SA'
'8442','CENTRAL VIGUESA DE CREDITO SA'
'8443','INVERSIONES CACEREÑAS SA ENTIDAD DE FINANCIACION'
'8444','CREFISA ENTIDAD DE FINANCIACION SA'
'8445','CENTRAL CATALANA DE INVERSIONES SA ENTIDAD DE FINANCIACION'
'8446','CENTRAL EXTREMEÑA DE CREDITO SA ENTIDAD DE FINANCIACION'
'8447','CREDITO HISPANO ARGENTINO ENTIDAD DE FINANCIACION SA'
'8448','COMPAÑIA DE FINANCIACION DE CARTERA SA'
'8449','DESCOM ESTABLECIMIENTO FINANCIERO DE CREDITO SA'
'8450','FINANCIERA INMOBILIARIA HERCA SA ENTIDAD DE FINANCIACION'
'8451','CREDITOS CANARIOS SA EMPRESA DE FINANCIACION'
'8452','COFACTOR SOCIEDAD ANONIMA DE FINANCIACION'
'8453','DOSFIN SA ENTIDAD DE FINANCIACION'
'8454','CLUB CATALA DE CREDITS EMPRESA DE FINANCIACIO SOCIETAT ANONIMA'
'8455','NUEVA ENTIDAD DE FINANCIACION SA (NEDEFISA)'
'8456','CENTRAL LUCENSE DE CREDITO ENTIDAD DE FINANCIACION SA'
'8457','CENTRAL MANCHEGA DE CREDITO ENTIDAD DE FINANCIACION SA'
'8458','MAPFRE FINANZAS DE GUIPUZCOA ENTIDAD DE FINANCIACION SA'
'8459','CENTRAL GRANADINA DE CREDITO ENTIDAD DE FINANCIACION SA'
'8460','MAPFRE FINANZAS DE ANDALUCIA ENTIDAD DE FINANCIACION SA'
'8461','CENTRAL CORUÑESA DE CREDITO ENTIDAD DE FINANCIACION SA'
'8462','CENTRAL ALICANTINA DE CREDITO ENTIDAD DE FINANCIACION SA'
'8463','CENTRAL FINANCIERA DE ARAGON ENTIDAD DE FINANCIACION'
'8464','CENTRAL ZARAGOZANA DE CREDITO ENTIDAD DE FINANCIACION SA'
'8465','COMPAÑIA VASCONGADA DE FINANCIACION SA'
'8466','POLINVEST SOCIEDAD ANONIMA DE FINANCIACION'
'8467','TRADEFIN SOCIEDAD ANONIMA ENTIDAD DE FINANCIACION'
'8468','ORGANIZACION IBERICA DE FINANZAS SA COMPAÑIA DE FINANCIACION'
'8469','ENTIDAD DE FINANCIACION TALAVERANA SA'
'8470','FINANCIERA LEVANTINA DE AUTOMOVILES ENTIDAD DE FINANCIACION SA'
'8471','CORPORACION FINANCIERA HISPANO SUIZA SOCIEDAD ANONIMA ENTIDAD DE FINANCIACION'
'8472','FINANCIERA RURAL Y DE INVERSIONES SA ENTIDAD DE FINANCIACION'
'8473','ASURBAN SA ENTIDAD DE FINANCIACION'
'8474','FOMENTO DE CREDITO Y COMERCIO SA ENTIDAD DE FINANCIACION'
'8475','CREDITOS SALMANTINOS SA'
'8476','GIRONA FACTORS SOCIEDAD ANONIMA DE FINANCIACION'
'8477','TOFISA ENTIDAD DE FINANCIACION SA'
'8478','CENTRAL TARRACONENSE DE CREDITO ENTIDAD DE FINANCIACION SA'
'8479','MAPFRE FINANZAS DE CATALUÑA Y BALEARES ENTIDAD DE FINANCIACION SA'
'8480','CENTRAL ALMERIENSE DE CREDITO ENTIDAD DE FINANCIACION SA'
'8481','FICOVAL ENTIDAD DE FINANCIACION SA'
'8482','FINDER SOCIEDAD ANONIMA ENTIDAD DE FINANCIACION'
'8483','INVERSION CREDITO Y DESARROLLO SOCIEDAD ANONIMA ENTIDAD DE FINANCIACION'
'8484','NORTES FINANCIEROS ENTIDAD DE FINANCIACION SA'
'8485','ATLANTIS VALENCIA SA ENTIDAD DE FINANCIACION'
'8486','SOMER SA ENTIDAD DE FINANCIACION'
'8487','PROMOCIONES E INVERSIONES DE MADRID SOCIEDAD ANONIMA ENTIDAD DE FINANCIACION'
'8488','ESTUDIOS Y FINANCIACION SA COMPAÑIA DE FINANCIACION'
'8489','FINANCIADORA CORUÑESA SA ENTIDAD DE FINANCIACION'
'8490','SANTANA CREDIT ESTABLECIMIENTO FINANCIERO DE CREDITO SA'
'8492','CENTRAL CACEREÑA DE CREDITO ENTIDAD DE FINANCIACION SA'
'8493','CENTRAL GADITANA DE CREDITO ENTIDAD DE FINANCIACION SA'
'8494','CENTRAL BURGALESA DE CREDITO ENTIDAD DE FINANCIACION SA'
'8495','CONSTANT ENTIDAD DE FINANCIACION SA'
'8496','INVERFINANZ COMPAÑIA DE FINANCIACION SA'
'8497','CREDITOS LAR SA ENTIDAD DE FINANCIACION'
'8498','MAPFRE FINANZAS DEL SUR ENTIDAD DE FINANCIACION SA'
'8499','GENERAL FINANCIERA EUROPEA SOCIEDAD ANONIMA ENTIDAD DE FINANCIACION'
'8500','FINANCIERA SIMEON SA ENTIDAD DE FINANCIACION'
'8501','CAPITAL Y SERVICIOS SA ENTIDAD DE FINANCIACION'
'8502','GALAICA DE FINANCIACION SOCIEDAD ANONIMA'
'8503','SERVICIOS Y FINANZAS DE CATALUÑA ENTIDAD DE FINANCIACION SA'
'8504','FINANZA COMPAÑIA DE FINANCIACION CREDITO Y FIDUCIA SA'
'8505','MAPFRE FINANZAS DEL NORTE SA'
'8506','ACCION FINANCIERA SOCIEDAD ANONIMA'
'8507','GETAFE FINANCIACIONES SA'
'8508','FINANCIERA GASMA ENTIDAD DE FINANCIACION SA'
'8509','INMOBILIARIA FINANCIERA CATALANA SA'
'8510','SOLFISA SOCIEDAD ANONIMA'
'8511','GESTION BARCELONESA SOCIEDAD ANONIMA DE FINANCIACION'
'8512','UNION DE CREDITOS INMOBILIARIOS SA ESTABLECIMIENTO FINANCIERO DE CREDITO'
'8513','FINANCIERA DEL CANTABRICO SOCIEDAD ANONIMA DE FINANCIACION'
'8514','SOCIEDAD ANONIMA NAVARRA DE FINANCIACION'
'8515','FINANCIERA DEL GENIL SA ENTIDAD DE FINANCIACION'
'8516','FINDA SOCIEDAD ANONIMA ENTIDAD DE FINANCIACION'
'8517','FH CREDIT ENTIDAD DE FINANCIACION SA'
'8518','LATINA DE CREDITO SA COMPAÑIA DE FINANCIACION'
'8519','INVERSORA TORELLO SA'
'8520','FIAR SA'
'8521','CREDERE STAR SA ENTIDAD DE FINANCIACION'
'8522','UFB FIN FACTOR SA ENTIDAD DE FINANCIACION - FACTORING'
'8523','FACIN SOCIEDAD ANONIMA DE FINANCIACION'
'8524','MONTJUICH EF ESTABLECIMIENTO FINANCIERO DE CREDITO SA'
'8525','VALENCIANA DE CREDITO SA ENTIDAD DE FINANCIACION'
'8526','FINANCIERA AUSETANA SOCIEDAD ANONIMA ENTIDAD DE FINANCIACION'
'8527','BARCELONESA DE PROMOCIONES SOCIEDAD ANONIMA ENTIDAD DE FINANCIACION'
'8528','CONTINENTAL DE CREDITO SA'
'8529','FILO MADRID SOCIEDAD ANONIMA ENTIDAD DE FINANCIACION'
'8530','FILO BARCELONA SOCIEDAD ANONIMA ENTIDAD DE FINANCIACION'
'8531','FILO VALENCIA SOCIEDAD ANONIMA ENTIDAD DE FINANCIACION'
'8532','FILO REUS SOCIEDAD ANONIMA ENTIDAD DE FINANCIACION'
'8533','FILO GRANOLLERS SOCIEDAD ANONIMA ENTIDAD DE FINANCIACION'
'8534','FILO GERONA SOCIEDAD ANONIMA ENTIDAD DE FINANCIACION'
'8535','FILO MATARO SOCIEDAD ANONIMA ENTIDAD DE FINANCIACION'
'8536','FILO SEVILLA SOCIEDAD ANONIMA ENTIDAD DE FINANCIACION'
'8537','FINANZARAGOZA SA ENTIDAD DE FINANCIACION (FINANZASA)'
'8538','FILO BALEARES SOCIEDAD ANONIMA ENTIDAD DE FINANCIACION'
'8539','FILO CASTELLON SOCIEDAD ANONIMA ENTIDAD DE FINANCIACION'
'8540','FILO RIOJA SOCIEDAD ANONIMA ENTIDAD DE FINANCIACION'
'8541','FILO HOSPITALET SOCIEDAD ANONIMA DE FINANCIACION'
'8542','ENTIDAD DE FINANCIACION TERRASSA SOCIEDAD ANONIMA'
'8543','SOCIEDAD ANONIMA CARTISAM ENTIDAD DE FINANCIACION'
'8544','FINANCIERA HELMANTICA SOCIEDAD ANONIMA ENTIDAD DE FINANCIACION'
'8545','EGIBI ENTIDAD DE FINANCIACION SA'
'8546','CREDITOS DE TENERIFE SA ENTIDAD DE FINANCIACION'
'8547','GRUPO INVERSOR FINANCO SA ENTIDAD DE FINANCIACION'
'8548','FINGRUP SA ENTIDAD DE FINANCIACION'
'8550','AMECSA COMPAÑIA DE FINANCIACION SA'
'8551','CRECO SUR SA'
'8552','GRECO VALENCIA SOCIEDAD ANONIMA ENTIDAD DE FINANCIACION'
'8553','FINANCIACIONES GENERALES DEL TAJO SA ENTIDAD DE FINANCIACION'
'8554','FINANCIACIONES GENERALES DEL CANTABRICO SA ENTIDAD DE FINANCIACION'
'8555','ANAITASUNA DE FINANCIACIONES ENTIDAD DE FINANCIACION SA'
'8556','CENTRAL FINANCIERA DE LEVANTE ENTIDAD DE FINANCIACION SA'
'8557','CENTRAL CASTELLONENSE DE CREDITO ENTIDAD DE FINANCIACION SA'
'8558','GENERAL DE FINANCIACION ENTIDAD DE FINANCIACION SA'
'8559','SALMANTINA DE CREDITO ENTIDAD DE FINANCIACION SA'
'8560','FINANCIERA DE ALGECIRAS ENTIDAD DE FINANCIACION SA'
'8561','PESA ENTIDAD DE FINANCIACION SA'
'8562','CENTRAL TOLEDANA DE CREDITO ENTIDAD DE FINANCIACION SA'
'8563','FINANCIERA DEL TORMES SA ENTIDAD DE FINANCIACION'
'8564','FINANCIERA DOCKS SOCIEDAD ANONIMA ENTIDAD DE FINANCIACION'
'8565','CENTROBAN ENTIDAD DE CREDITO Y FINANCIACION SA'
'8566','IBERINVERSIONES Y FINANCIACIONES ENTIDAD DE FINANCIACION SA'
'8567','FINANCIERA OVIEDO SOCIEDAD ANONIMA ESTABLECIMIENTO FINANCIERO DE CREDITO'
'8568','DIVISION FINANCIERA SOCIEDAD DE FINANCIACION SA'
'8569','COMPAÑIA DE FINANCIACION FINANCIERA GENERAL DE BALEARES SA'
'8570','HERCASA ENTIDAD DE FINANCIACION SA'
'8571','SOCIEDAD FINANCIERA DE INDUSTRIAS Y TRANSPORTES SA ENTIDAD DE FINANCIACION'
'8572','FINGALICIA SA ENTIDAD DE FINANCIACION'
'8573','FINANCIERA DE INICIATIVAS INDUSTRIALES SA ENTIDAD DE FINANCIACION'
'8574','FINANCIERA DEL DURANGUESADO ENTIDAD DE FINANCIACION SA'
'8575','FINANCIERA DE SERVICIOS SOCIEDAD ANONIMA'
'8576','CENTRAL DE CREDITOS Y FINANCIACIONES SA ENTIDAD DE FINANCIACION'
'8577','MACRO SOCIEDAD ANONIMA DE FINANCIACION'
'8578','SOCIEDAD ANONIMA DE NEGOCIOS FINANCIEROS ENTIDAD DE FINANCIACION'
'8579','BILBAINA DE CREDITO ENTIDAD DE FINANCIACION SA'
'8580','COMPLEMENTOS FINANCIEROS SOCIEDAD ANONIMA ENTIDAD DE FINANCIACION'
'8581','PROMOTORA ARAGONESA ENTIDAD DE FINANCIACION SOCIEDAD ANONIMA'
'8582','SERVICIOS TECNICOS Y COMERCIALES SOCIEDAD ANONIMA ENTIDAD DE FINANCIACION'
'8583','FINANZIA SERVICIOS FINANCIEROS EFC SA'
'8584','SAFFE SOCIEDAD ANONIMA FIAT FINANCIERA ESPAÑOLA ENTIDAD DE FINANCIACION'
'8585','ESFINGE ESPAÑOLA DE FINANCIACIONES GENERALES SA ENTIDAD DE FINANCIACION'
'8586','INVERSIONES DUERO SA COMPAÑIA DE FINANCIACION'
'8587','FIGAZ SA ENTIDAD DE FINANCIACION'
'8588','LORCA DE CREDITO Y FINANCIACION SA'
'8589','MERCAPITAL SA'
'8590','FINANCOR SA'
'8591','FABRA COMPAÑIA DE FINANCIACION SA'
'8592','LAUDE COMPAÑIA DE FINANCIACION SA'
'8593','FINANCIACION DE OPERACIONES MERCANTILES E INDUSTRIALES SOCIEDAD ANONIMA'
'8594','BURGALESA DE INVERSIONES SA ENTIDAD DE FINANCIACION'
'8595','FINANCIERA VASCA SA ENTIDAD DE FINANCIACION'
'8596','UNION DE CREDITO PARA LA FINANCIACION MOBILIARIA E INMOBILIARIA CREDIFIMO EFC SA'
'8597','FILAUTO ENTIDAD DE FINANCIACION SA'
'8598','FINANCIAL SERVICE SOCIEDAD ANONIMA DE FINANCIACION'
'8599','FREN SOCIEDAD ANONIMA ESTABLECIMIENTO FINANCIERO DE CREDITO'
'8600','SOCIEDAD ANONIMA LA PAZ ENTIDAD DE FINANCIACION'
'8601','FINACO SA ENTIDAD DE FINANCIACION'
'8602','FINANCIERA MERCANTIL DEL NORTE SOCIEDAD ANONIMA DE FINANCIACION'
'8603','PROMOCIONES MERCANTILES SOCIEDAD ANONIMA DE FINANCIACION'
'8604','ORGANIZACION MERCANTIL LOS ANGELES SA'
'8605','CENTRAL DE SERVICIOS FINANCIEROS SA ENTIDAD DE FINANCIACION'
'8606','FINANCIERA ARRIETA SOCIEDAD ANONIMA ENTIDAD DE FINANCIACION'
'8607','FINANCIERA RUTH SA'
'8608','FINANCIERA ENOL SA ENTIDAD DE FINANCIACION'
'8609','FINCOLOR SOCIEDAD ANONIMA ENTIDAD DE FINANCIACION'
'8610','IBERICA DE NEGOCIOS SA ENTIDAD DE FINANCIACION'
'8611','PROMOTORA COMERCIAL E INDUSTRIAL SOCIEDAD ANONIMA'
'8612','COMERCIANTES REUNIDOS DEL SUR SA ESTABLECIMIENTO FINANCIERO DE CREDITO'
'8613','SOCIEDAD ANONIMA FEGAM ENTIDAD DE FINANCIACION'
'8614','FINANCIERA AUTOMOVILES MAQUINARIA INDUSTRIAL SA'
'8615','CAJA CREDITOS CONDAL SA'
'8616','FIECO SOCIEDAD ANONIMA ENTIDAD DE FINANCIACION'
'8617','CORPORACION FINANCIERA MADRILEÑA ENTIDAD DE FINANCIACION SOCIEDAD ANONIMA'
'8618','MONETICIA SA ESTABLECIMIENTO FINANCIERO DE CREDITO'
'8619','LISIN BROKERS ENTIDAD DE FINANCIACION SA'
'8620','PASTOR SERVICIOS FINANCIEROS ESTABLECIMIENTO FINANCIERO DE CREDITO SA'
'8621','FINANCIERA MERCANTIL E INDUSTRIAL SOCIEDAD ANONIMA DE FINANCIACION'
'8622','FINANCIERA DEL ESTE SA ENTIDAD DE FINANCIACION'
'8623','SERVICIOS ECONOMICOS SA ENTIDAD DE FINANCIACION'
'8624','GDS - CUSA ENTIDAD DE FINANCIACION SA'
'8625','FINANCIERA AUGUSTA SA ENTIDAD DE FINANCIACION'
'8626','FIBUSA ENTIDAD DE FINANCIACION SA'
'8627','CEDAT SOCIEDAD ANONIMA ENTIDAD DE FINANCIACION'
'8628','FINANCIERA DE CREDITOS INDUSTRIALES Y COMERCIALES SA'
'8629','CONTRATACION Y FINANCIACION BALEAR SA ENTIDAD DE FINANCIACION'
'8630','INVERSIONES FINANCIERAS TARRACO ENTIDAD DE FINANCIACION SA'
'8631','FINANCIERA ORFILA SA ENTIDAD DE FINANCIACION'
'8632','SISARGA SA ENTIDAD DE FINANCIACION'
'8633','FINANCIERA DE GRANADA SA'
'8634','FINANCIERA ARRIACENSE SA ENTIDAD DE FINANCIACION'
'8635','CREDITO FINANCIERO VALENCIANO SOCIEDAD ANONIMA ENTIDAD DE FINANCIACION'
'8636','GRUPO FINANCIERO CENTRO SA ENTIDAD DE FINANCIACION'
'8637','COMPAÑIA DE FINANCIACION FINANGREF SOCIEDAD ANONIMA'
'8638','CREDITOS ORENSE SA ENTIDAD DE FINANCIACION'
'8639','FINANCIERA URBASA ENTIDAD DE FINANCIACION SA'
'8640','FGA CAPITAL SPAIN ESTABLECIMIENTO FINANCIERO DE CREDITO SA'
'8641','FINANCIERA PELAYO SA ENTIDAD DE FINANCIACION'
'8642','CAMBIAL FINANCIERA ENTIDAD DE FINANCIACION SA'
'8643','FINANCIERA CERVANTES SOCIEDAD ANONIMA COMPAÑIA DE FINANCIACION'
'8644','AUTOFINANZAS SA'
'8645','INFISA SOCIEDAD ANONIMA ENTIDAD DE FINANCIACION'
'8646','EUROHISPANA DE FINANZAS SA'
'8647','AGRO INDUSTRIAL DE FINANCIACION SA ( SAIFI )'
'8648','SVENSKA FINANS COMPAÑIA DE FINANCIACION SA'
'8649','FINANCIERA PARDALILLA SA ENTIDAD DE FINANCIACION'
'8650','INVERSIONES ERESMA SA ENTIDAD DE FINANCIACION'
'8651','PROMOCIONES Y FINANCIACIONES HERRRERO SA ENTIDAD DE FINANCIACION'
'8652','FINANCIERA VILLEN ENTIDAD DE FINANCIACION SA'
'8653','DRIGSA DE FINANCIACION SA ENTIDAD DE FINANCIACION'
'8654','CANTABRICA DE CREDITO Y FINANCIACION SOCIEDAD ANONIMA DE FINANCIACION'
'8655','FINANCIERA ESPUÑA SA'
'8656','FINANCIERA DEL NORTE DE ESPAÑA ENTIDAD DE FINANCIACION SA'
'8657','FINANCIERA GENERAL DE CREDITOS E INVERSIONES SA'
'8658','FINANCIERA FRAGATINA SA ENTIDAD DE FINANCIACION'
'8659','UNION FINANCIERA DE COLABORADORES EMPRESARIALES SA'
'8660','ORGANIZACION FINANCIERA CASTELLANA SA'
'8661','CREDITO COMERCIAL ESPAÑOL SA'
'8662','FINANCIERA GIRONA SA ENTIDAD DE FINANCIACION'
'8663','COMPAÑIA DE FINANCIACION DUNA SA'
'8664','COMPAÑIA DE FINANCIACION BLAJOMA SA'
'8665','CORPORACION ESPAÑOLA DE FINANCIACION SA'
'8666','CREDITO ATLANTICO COMPAÑIA DE FINANCIACION SA'
'8667','FINANCIADORA DEL COMERCIO SA ESTABLECIMIENTO FINANCIERO DE CREDITO'
'8668','FINANCIERA COMTRANS SA'
'8669','INVERVIL SA COMPAÑIA DE FINANCIACION'
'8670','CENTRAL CANARIA DE CREDITO ENTIDAD DE FINANCIACION'
'8671','MADIN SA ENTIDAD DE FINANCIACION'
'8672','FINANCIERA DEL SEGURA SA ENTIDAD DE FINANCIACION'
'8673','FINDEMA SOCIEDAD DE FINANCIACION SA'
'8674','GESCONDAL ENTIDAD DE FINANCIACION SA'
'8675','CORPORACION HIPOTECARIA SOCIEDAD ANONIMA ENTIDAD DE FINANCIACION'
'8676','TRADEMATIC SA'
'8677','FINANCIERA CASTELLANA ENTIDAD DE FINANCIACION SA'
'8678','COMPAÑIA ORENSANA DE CREDITO SA ENTIDAD DE FINANCIACION'
'8679','INTERBAN SOCIEDAD ANONIMA DE FINANCIACION'
'8680','VALLINVEST SA'
'8681','LA AUXILIAR DEL COMPRADOR AHORRATIVO SA'
'8682','MIJARES FINANCIACIONES SA ENTIDAD DE FINANCIACION'
'8683','COMPAÑIA SANTANDERINA DE FINANCIACION SA'
'8684','ENTIDAD DE FINANCIACION DE NEGOCIOS FINANCIEROS SA (NEFISA)'
'8685','SERVISA ENTIDAD DE FINANCIACION SA'
'8686','HUESCA PATRIMONIAL SA'
'8687','FIBARNA SA ENTIDAD DE FINANCIACION'
'8688','ARIFINSA SA ENTIDAD DE FINANCIACION'
'8689','FINANCIERA OCCIDENTAL SA ENTIDAD DE FINANCIACION'
'8690','FINANCIACION Y CREDITO BALEAR SA'
'8691','FINANCO FINANCIACIONES ENTIDAD DE FINANCIACION SA'
'8692','LA COMARCAL TRANSCONTINENTAL ENTIDAD DE FINANCIACION SA'
'8693','INVER ARAGON SA ENTIDAD DE FINANCIACION'
'8694','COMPAÑIA DE FINANCIACION INTERCOMEX SA'
'8695','PROMOTORA Y FINANCIERA DEL SUR SA'
'8696','FIGEST SA ENTIDAD DE FINANCIACION'
'8697','INVERSIONES Y CREDITOS ENTIDAD DE FINANCIACION SA'
'8698','SIDEFINSA SA ENTIDAD DE FINANCIACION'
'8699','UNION COMERCIAL DE CREDITO SA'
'8700','BARREIROS ARMCO SA'
'8701','ACCION INMOBILIARIA FINANCIERA ENTIDAD DE FINANCIACION SA'
'8702','ENTIDAD DE FINANCIACION AGRICOLA MERCANTIL E INDUSTRIAL SA'
'8703','OFICINA TECNICA ENTIDAD DE FINANCIACION SA'
'8704','CONSORCIO NACIONAL HIPOTECARIO SOCIEDAD ANONIMA DE FINANCIACION'
'8705','CIRCULO FINANCIERO ASTURIANO ESTABLECIMIENTO FINANCIERO DE CREDITO SA'
'8706','CONSORCIO FINANCIERO DE CANARIAS ENTIDAD DE FINANCIACION SA'
'8707','CONSORCIO FINANCIERO DE MALAGA ENTIDAD DE FINANCIACION SA'
'8708','CREDITOS Y AHORROS MUNDIALES ENTIDAD DE FINANCIACION SA'
'8709','CONSORCIO FINANCIERO DE TENERIFE SOCIEDAD ANONIMA DE FINANCIACION'
'8710','CONSORCIO FINANCIERO DE MADRID SA ENTIDAD DE FINANCIACION'
'8711','CAJA ESPAÑOLA FINANCIERA SA ENTIDAD DE FINANCIACION'
'8712','CONSORCIO FINANCIERO DE SAN SEBASTIAN SA ENTIDAD DE FINANCIACION'
'8713','ENTIDAD DE FINANCIACION INVERBAN SA'
'8714','GMAC ESPAÑA SOCIEDAD ANONIMA DE FINANCIACION EFC'
'8715','COMPAÑIA ESPAÑOLA DE FINANCIACION SA ( CEFISA )'
'8716','SOCIEDAD ANONIMA ESPAÑOLA DE CREDITO ENTIDAD DE FINANCIACION ( SAEC )'
'8717','CORPORACION FINANCIERA SA ENTIDAD DE FINANCIACION'
'8718','FINANCIERA PEGASO SA ENTIDAD DE FINANCIACION'
'8719','FINANCIERA DE CADIZ SOCIEDAD ANONIMA DE FINANCIACION'
'8720','FINANCIERA DE DESCUENTO Y CREDITO SA'
'8721','PORTQUEIBAN FINANCIERA SA'
'8722','PROMOTORA DE FINANCIACION CATALANA ESTABLECIMIENTO FINANCIERO DE CREDITO SA'
'8723','FINANCIERA DE VALLADOLID EMPRESA DE FINANCIACION SA'
'8724','EGARHOLD ENTIDAD DE FINANCIACION SA'
'8725','FINDESA ENTIDAD DE FINANCIACION SA'
'8726','FINANCIACIONES AGRICOLAS E INDUSTRIALES ENTIDAD DE FINANCIACION SA'
'8727','FINANCIERA DE DESARROLLO Y CREDITO SOCIEDAD ANONIMA DE FINANCIACION'
'8728','PRESYDES SOCIEDAD ANONIMA DE FINANCIACION'
'8729','FINANCIERA TARKIS SA ENTIDAD DE FINANCIACION'
'8730','INSTITUTO HIPOTECARIO ESPAÑOL SA ENTIDAD DE FINANCIACION'
'8731','FIVA ENTIDAD DE FINANCIACION SOCIEDAD ANONIMA'
'8732','COMPAÑIA FINANCIERA COMARCAL SA'
'8733','SOCIEDAD ANONIMA LA PAZ ENTIDAD DE FINANCIACION'
'8734','MULTIAHORRO EFC SA'
'8735','NACIONAL FINANCIERA ESTABLECIMIENTO FINANCIERO DE CREDITO SA'
'8736','COORDINACION FINANCIERA SA ( COFISA )'
'8737','DESARROLLO PIRENAICO SA'
'8738','INSTITUTO FINANCIERO DE CREDITO ENTIDAD DE FINANCIACION SA'
'8739','UNION FINANCIERA INDUSTRIAL SOCIEDAD ANONIMA ESTABLECIMIENTO FINANCIERO DE CREDITO'
'8740','SOCIEDAD DE FINANCIACION E INVERSIONES FINANCIERAS SA'
'8741','COFINARSA ENTIDAD DE FINANCIACION SOCIEDAD ANONIMA'
'8742','CREDITO HISPANICO TERRITORIAL SA'
'8743','COMPAÑIA FINANCIERA NASHUA SPAIN SA'
'8744','ENTIDAD DE FINANCIACION INMOBILIARIA SA'
'8745','CENTRAL LERIDANA DE CREDITO SA ENTIDAD DE FINANCIACION'
'8746','FINANCIERA BANZANO ENTIDAD DE FINANCIACION SA ( FIBANZANO )'
'8747','FINANCIERA DE CONCESIONARIOS SOCIEDAD ANONIMA ENTIDAD DE FINANCIACION'
'8748','ENTIDAD RIOJANA DE FINANCIACION SA'
'8749','UNEFI UNION EUROPEA DE FINANCIACION INMOBILIARIA ESTABLECIMIENTO FINANC CTO SA'
'8750','COMPAÑIA ALICANTINA DE CREDITO E INVERSION SA ENTIDAD DE FINANCIACION'
'8751','FILO LERIDA SOCIEDAD ANONIMA DE FINANCIACION'
'8752','ENTIDAD DE FINANCIACION DE CREDITOS FRANCO SA (CREDIFRANSA)'
'8753','PROFIN SOCIEDAD ANONIMA ESTABLECIMIENTO FINANCIERO DE CREDITO'
'8754','ENTIDAD DE FINANCIACION FISEAT BIENES DE EQUIPO'
'8755','ALBACETENSE DE CREDITO ENTIDAD DE FINANCIACION SA'
'8756','FIDARE COMPAÑIA DE FINANCIACION SA'
'8757','CERVENT SA ENTIDAD DE FINANCIACION'
'8758','EMPRESA GENERAL DE FINANCIACION SA'
'8759','CAPIRE ENTIDAD DE FINANCIACION SA'
'8760','SOCIEDAD ANONIMA DE FINANCIACION INVERSKAL'
'8761','ENTIDAD DE FINANCIACION CREDITO SALAMANCA SA'
'8762','CORPORACION FINANCIERA ARIEL ENTIDAD DE FINANCIACION SA'
'8763','CANVER COMPAÑIA DE FINANCIACION SA'
'8764','PROGRESO DE FINANCIACIONES SA SOCIEDAD DE FINANCIACION'
'8765','FINANCIERA MERCURIO ENTIDAD DE FINANCIACION SA'
'8766','FINANCIERA CUZCO SA ENTIDAD DE FINANCIACION'
'8767','FINANCIERA MADRID SA ENTIDAD DE FINANCIACION'
'8768','NISSAN FINANCIACION SOCIEDAD ANONIMA ESTABLECIMIENTO FINANCIERO DE CREDITO'
'8769','UNION FINANCIERA ASTURIANA SA ESTABLECIMIENTO FINANCIERO DE CREDITO'
'8770','ENTIDAD DE FINANCIACION EFINEN SA'
'8771','PROASER ENTIDAD DE FINANCIACION SA'
'8772','ENTIDAD DE FINANCIACION E INVERSIONES DE MADRID SA'
'8773','ARALAR ESTABLECIMIENTO FINANCIERO DE CREDITO SA'
'8774','FUBEL SA ENTIDAD DE FINANCIACION'
'8775','URQUIJO FINANCIACION SOCIEDAD ANONIMA EF'
'8776','FINCONSUM ESTABLECIMIENTO FINANCIERO DE CREDITO SA'
'8777','DAF COMPAÑIA DE FINANCIACION SA'
'8778','XEROX DE FINANCIACION SA ESTABLECIMIENTO FINANCIERO DE CREDITO'
'8779','COMPAÑIA DE FINANCIACION MYRIAM SA'
'8780','BMW FINANCIAL SERVICES IBERICA ESTABLECIMIENTO FINANCIERO DE CREDITO SA'
'8781','MERCEDES-BENZ CREDIT ESTABLECIMIENTO FINANCIERO DE CREDITO SA'
'8782','FINANCIACION Y CREDITOS VALENCIA SA COMPAÑIA DE FINANCIACION'
'8783','CONAFIN SOCIEDAD ANONIMA DE FINANCIACION'
'8784','FIMESTIC SA ENTIDAD DE FINANCIACION'
'8785','FINANCIERA SCANIA ENTIDAD DE FINANCIACION SAE'
'8786','COMPAÑIA DE FINANCIACION FICA SA'
'8787','IBERCREDITO ENTIDAD DE FINANCIACION SOCIEDAD ANONIMA'
'8788','FINANCIACAIXA 2 ESTABLECIMIENTO FINANCIERO DE CREDITO SA'
'8789','BANASTURIAS LEASING EFC SA'
'8790','MARCH FINANCIACIONES SA SOCIEDAD DE FINANCIACION'
'8791','BNP-CONSUMO ESTABLECIMIENTO FINANCIERO DE CREDITO SA'
'8792','COFIBER FINANCIERA ENTIDAD DE FINANCIACION SA'
'8793','FINANMADRID SA ESTABLECIMIENTO FINANCIERO DE CREDITO'
'8794','FINEX ESPAÑA ENTIDAD DE FINANCIACION SA'
'8795','SERVICIOS FINANCIEROS CARREFOUR ESTABLECIMIENTO FINANCIERO DE CREDITO SA'
'8796','COFIDIS HISPANIA EFC SA'
'8797','SERVICIOS FINANCIEROS CONTINENTE EFC SA'
'8798','EURO CREDITO ESTABLECIMIENTO FINANCIERO DE CREDITO SA'
'8799','WHIRLPOOL FINANCIAL CORPORATION ESPAÑA ENTIDAD DE FINANCIACION SA'
'8800','AROFINANCE ENTIDAD DE FINANCIACION SA'
'8801','GESTION DE TARJETAS ESTABLECIMIENTO FINANCIERO DE CREDITO SA'
'8802','AVCO SERVICIOS FINANCIEROS ESTABLECIMIENTO FINANCIERO DE CREDITO SA'
'8803','CATERPILLAR FINANCIAL CORPORACION FINANCIERA SA ENTIDAD DE FINANCIACION'
'8804','COFIBER FINANCIERA ESTABLECIMIENTO FINANCIERO DE CREDITO SOCIEDAD ANONIMA'
'8805','FINANCIERA EL CORTE INGLES EFC SA'
'8806','VFS FINANCIAL SERVICES SPAIN EFC SA'
'8807','ARAFIN ESTABLECIMIENTO FINANCIERO DE CREDITO SA'
'8808','ABACA CREDITO Y FINANCIACION EFC SA'
'8809','ARGENTARIA SERVICIOS FINANCIEROS EFC SA'
'8810','AMERICAN EXPRESS ESTABLECIMIENTO FINANCIERO DE CREDITO SA'
'8811','GRUPO DE SERVICIOS HIPOTECARIOS ON-LINE EFC SA'
'8812','SÜDLEASING ESPAÑA EFC SA'
'8813','SCANIA FINANCE HISPANIA ESTABLECIMIENTO FINANCIERO DE CREDITO SA'
'8814','ACCORDFIN ESPAÑA ESTABLECIMIENTO FINANCIERO DE CREDITO SA'
'8815','FINANDIA EFC SA'
'8816','SOCIEDAD CONJUNTA PARA LA EMISION Y GESTION DE MEDIOS DE PAGO EFC SA'
'8817','CARTUJA FINANCIERA ANDALUZA SA EFC'
'8818','CITIFIN SA EFC'
'8819','TARGASYS STOCK EFC SA'
'8820','ING REAL ESTATE FINANCE SE EFC SA'
'8821','BANSABADELL FINCOM EFC SA'
'8822','FORTIS LEASE IBERIA EFC SA'
'8823','FINANCIERA ESPAÑOLA DE CREDITO A DISTANCIA EFC SA'
'8824','CAMGE FINANCIERA EFC SA'
'8825','ADQUIERA SERVICIOS FINANCIEROS EFC SA'
'8826','DEUTSCHE LEASING ESPAÑA EFC SA'
'8827','GMAC RESIDENTIAL FUNDING CORPORATION EFC SA'
'8828','IOS FINANCE EFC SA'
'8829','KOMATSU FINANCIAL SPAIN EFC SA'
'8830','BBKGE KREDIT EFC SA'
'8831','AFIANZAMIENTOS DE RIESGO EFC SA'
'8832','BANKINTER CONSUMER FINANCE EFC SA'
'8901','ARGENTARIA FACTORING EFC SA'
'8902','CATALANA DE FACTORING SOCIEDAD ANONIMA ESTABLECIMIENTO FINANCIERO DE CREDITO'
'8903','POPULAR DE FACTORING SOCIEDAD ANONIMA ESTABLECIMIENTO FINANCIERO DE CREDITO'
'8904','OLIVETTI FINFACTORING ESPAÑOLA SA'
'8905','BARCLAYS FACTORING SA ESTABLECIMIENTO FINANCIERO DE CREDITO'
'8906','SANTANDER FACTORING Y CONFIRMING SA EFC'
'8907','HISPAMER FACTORING ENTIDAD DE FINANCIACION SA'
'8908','BBVA FACTORING EFC SA'
'8909','BANSABADELL FACTORING EFC SA'
'8910','BANESTO FACTORING SA ESTABLECIMIENTO FINANCIERO DE CREDITO'
'8911','FINANCIERA VENETA ESTABLECIMIENTO FINANCIERO DE CREDITO SA'
'8912','EUROFACTOR HISPANIA SA EFC'
'8913','MAPFRE FACTORING ESTABLECIMIENTO FINANCIERO DE CREDITO SA'
'8914','BNP PARIBAS LEASE GROUP SA EFC'
'8915','FACTORCAT ESTABLECIMIENTO FINANCIERO DE CREDITO SA'
'8916','ATLANTICO SERVICIOS FINANCIEROS ESTABLECIMIENTO FINANCIERO DE CREDITO SOCIEDAD ANONIMA'
'8917','CAIXAFACTORING SOCIEDAD ANONIMA ENTIDAD DE FINANCIACION'
'8918','TELEFONICA FACTORING ESTABLECIMIENTO FINANCIERO DE CREDITO SA'
'9801','ISBA SOCIEDAD DE GARANTIA RECIPROCA'
'9802','SOCIEDAD DE GARANTIA RECIPROCA DE CATALUÑA'
'9803','SOCIEDAD NACIONAL DE AVALES AL COMERCIO (SONAVALCO SGR) EN LIQUIDACION'
'9804','COPERFICO SGR'
'9805','SOCIEDAD DE GARANTIA RECIPROCA DE LOS PEQUEÑOS Y MEDIANOS EMPRESARIOS DE HUESCA (OSCAVAL SGR)'
'9806','ELKARGI SGR'
'9807','SEAVAL SGR'
'9808','SOCIEDAD NAVARRA DE GARANTIA RECIPROCA (SONAGAR SGR)'
'9809','SOCIEDAD DE AVALES PARA AUTONOMOS PEQUEÑOS Y MEDIANOS EMPRESARIOS DE ZARAGOZA (SOAVALZA SGR)'
'9810','SOCIEDAD DE GARANTIA RECIPROCA DE LA PROVINCIA DE ALICANTE'
'9811','CENTRO DE AVALES PARA LA INDUSTRIA Y LA EDICION SGR EN LIQUIDACION'
'9812','SOCIEDAD DE GARANTIA RECIPROCA DE CASTILLA-LA MANCHA (SOGAMAN SGR) EN LIQUIDACION'
'9813','SOCIEDAD DE GARANTIA RECIPROCA DE LA COMUNITAT VALENCIANA'
'9814','SOCIEDAD DE GARANTIA RECIPROCA DE EXTREMADURA (SOGAREX SGR)'
'9815','SOCIEDAD DE GARANTIA RECIPROCA DE LOS PEQUEÑOS Y MEDIANOS EMPRESARIOS DE TOLEDO'
'9816','SOCIEDAD DE GARANTIA RECIPROCA DE SANTANDER (SOGARCA SGR)'
'9817','SOCIEDAD TECNICA DE AVALES SOCIEDAD DE GARANTIA RECIPROCA (SOTECA SGR)'
'9818','AVAL - MADRID SGR'
'9819','SGR DE LA PEQUEÑA Y MEDIANA EMPRESA DE PONTEVEDRA Y ORENSE (SOGARPO SGR)'
'9820','SOCIEDAD DE GARANTIA RECIPROCA MADRILEÑA (SOGAREMA SGR)'
'9821','CREDIAVAL SOCIEDAD DE GARANTIA RECIPROCA'
'9822','SOGARLE SGR'
'9823','SOCIEDAD DE GARANTIA RECIPROCA CASTELLANO LEONESA (SOGACAL SGR)'
'9824','SOCIEDAD DE GARANTIA RECIPROCA DE ZAMORA (SOGREZA SGR)'
'9825','PRINCIPADO DE ASTURIAS SGR'
'9826','SOCIEDAD DE GARANTIAS DE CANARIAS SOCIEDAD DE GARANTIAS RECIPROCAS SGR (SOGARTE)'
'9827','UNION DE EMPRESARIOS MURCIANOS SOCIEDAD DE GARANTIA RECIPROCA (UNDEMUR SGR)'
'9828','TRANSAVAL SOCIEDAD DE GARANTIA RECIPROCA'
'9829','SOCIEDAD DE GARANTIA RECIPROCA DE ASTURIAS (ASTURGAR SGR)'
'9830','BRANZA SOCIEDAD DE GARANTIA RECIPROCA EN LIQUIDACION'
'9831','SOCIEDAD DE GARANTIA RECIPROCA INTERSECTORIAL CATALANA (INTERCAT SGR)'
'9832','AFIANZAMIENTOS DE GALICIA SOCIEDAD DE GARANTIA RECIPROCA (AFIGAL SGR)'
'9833','SOCIEDAD DE GARANTIA RECIPROCA DE LA PROVINCIA DE CASTELLON (AVALCAS SGR)'
'9834','SOCIEDAD DE GARANTIA RECIPROCA DE CIUDAD REAL'
'9836','UNION ANDALUZA DE AVALES SOCIEDAD DE GARANTIA RECIPROCA (AVALUNION SGR)'
'9837','AGRO-AVAL SOCIEDAD DE GARANTIA RECIPROCA EN LIQUIDACION'
'9838','SOCIEDAD DE GARANTIA RECIPROCA DE LA PEQUEÑA Y MEDIANA EMPRESA (PYME SGR)'
'9839','SOCIEDAD DE GARANTIA RECIPROCA DE ANDALUCIA (SURAVAL SGR)'
'9840','AVALIA ARAGON SOCIEDAD DE GARANTIA RECIPROCA'
'9841','SOCIEDAD DE GARANTIA RECIPROCA GENERAL DEL VIDRIO'
'9842','SOCIEDAD DE AVALES DE CANARIAS SOGAPYME SOCIEDAD DE GARANTIA RECIPROCA'
'9843','OINARRI SOCIEDAD DE GARANTIA PARA LA ECONOMIA SOCIAL SGR'
'9844','SOCIEDAD DE GARANTIA RECIPROCA EXTREMEÑA DE AVALES'
'9845','FIANZAS Y SERVICIOS FINANCIEROS SGR'
'9846','IBERAVAL SOCIEDAD DE GARANTIA RECIPROCA'
'9847','AVALIS DE CATALUNYA SGR'
'9848','AUDIOVISUAL AVAL SGR'
'9890','SOCIEDAD DE GARANTIAS SUBSIDIARIAS SA \'SOGASA\''
'9891','COMPAÑIA ESPAÑOLA DE REAFIANZAMIENTO SA'
